time,enrolled,available,waitlisted,total
2025-02-04T18:35:27,0,250,0,250
2025-02-04T19:06:15,0,250,0,250
2025-02-04T19:37:02,0,250,0,250
2025-02-04T20:07:48,0,250,0,250
2025-02-04T20:38:44,0,250,0,250
2025-02-04T21:09:29,0,250,0,250
2025-02-04T21:40:23,0,250,0,250
2025-02-04T22:11:10,0,250,0,250
2025-02-04T22:41:55,0,250,0,250
2025-02-04T23:12:50,0,250,0,250
2025-02-04T23:43:37,0,250,0,250
2025-02-05T00:14:26,0,250,0,250
2025-02-05T00:45:19,0,250,0,250
2025-02-05T01:16:09,0,250,0,250
2025-02-05T01:47:00,0,250,0,250
2025-02-05T02:17:58,0,250,0,250
2025-02-05T02:48:48,0,250,0,250
2025-02-05T03:19:38,0,250,0,250
2025-02-05T03:50:35,0,250,0,250
2025-02-05T04:20:19,0,250,0,250
2025-02-05T04:51:34,0,250,0,250
2025-02-05T05:22:29,0,250,0,250
2025-02-05T05:53:21,0,250,0,250
2025-02-05T06:24:11,0,250,0,250
2025-02-05T06:55:00,0,250,0,250
2025-02-05T07:25:52,0,250,0,250
2025-02-05T07:56:39,0,250,0,250
2025-02-05T08:27:41,0,250,0,250
2025-02-05T08:58:37,0,250,0,250
2025-02-05T09:29:27,0,250,0,250
2025-02-05T10:00:15,0,250,0,250
2025-02-05T10:31:04,0,250,0,250
2025-02-05T11:01:52,0,250,0,250
2025-02-05T11:33:05,0,250,0,250
2025-02-05T12:03:52,0,250,0,250
2025-02-05T12:34:49,0,250,0,250
2025-02-05T13:05:39,0,250,0,250
2025-02-05T13:36:27,0,250,0,250
2025-02-05T14:07:26,0,250,0,250
2025-02-05T14:38:14,0,250,0,250
2025-02-05T15:09:11,0,250,0,250
2025-02-05T15:40:00,0,250,0,250
2025-02-05T16:10:48,0,250,0,250
2025-02-05T16:41:36,0,250,0,250
2025-02-05T17:12:33,0,250,0,250
2025-02-05T17:43:20,0,250,0,250
2025-02-05T18:14:07,0,250,0,250
2025-02-05T18:44:58,0,250,0,250
2025-02-05T19:15:45,0,250,0,250
2025-02-05T19:46:32,0,250,0,250
2025-02-05T20:17:18,0,250,0,250
2025-02-05T20:48:06,0,250,0,250
2025-02-05T21:18:53,0,250,0,250
2025-02-05T21:49:43,0,250,0,250
2025-02-05T22:20:31,0,250,0,250
2025-02-05T22:51:53,0,250,0,250
2025-02-05T23:22:41,0,250,0,250
2025-02-05T23:53:28,0,250,0,250
2025-02-06T00:24:20,0,250,0,250
2025-02-06T00:55:12,0,250,0,250
2025-02-06T01:26:06,0,250,0,250
2025-02-06T01:57:01,0,250,0,250
2025-02-06T02:27:52,0,250,0,250
2025-02-06T02:58:59,0,250,0,250
2025-02-06T03:29:59,0,250,0,250
2025-02-06T04:00:47,0,250,0,250
2025-02-06T04:21:57,0,250,0,250
2025-02-06T04:53:07,0,250,0,250
2025-02-06T05:24:05,0,250,0,250
2025-02-06T05:54:58,0,250,0,250
2025-02-06T06:25:50,0,250,0,250
2025-02-06T06:56:40,0,250,0,250
2025-02-06T07:27:31,0,250,0,250
2025-02-06T07:58:19,0,250,0,250
2025-02-06T08:29:06,0,250,0,250
2025-02-06T09:00:02,0,250,0,250
2025-02-06T09:30:49,0,250,0,250
2025-02-06T10:01:37,0,250,0,250
2025-02-06T10:32:25,0,250,0,250
2025-02-06T11:03:13,0,250,0,250
2025-02-06T11:34:13,0,250,0,250
2025-02-06T12:05:01,0,250,0,250
2025-02-06T12:35:50,0,250,0,250
2025-02-06T13:06:39,0,250,0,250
2025-02-06T13:37:39,0,250,0,250
2025-02-06T14:08:26,0,250,0,250
2025-02-06T14:39:13,0,250,0,250
2025-02-06T15:10:13,0,250,0,250
2025-02-06T15:41:01,0,250,0,250
2025-02-06T16:11:54,0,250,0,250
2025-02-06T16:42:51,0,250,0,250
2025-02-06T17:13:56,0,250,0,250
2025-02-06T17:44:49,0,250,0,250
2025-02-06T18:15:44,0,250,0,250
2025-02-06T18:46:48,0,250,0,250
2025-02-06T19:17:49,0,250,0,250
2025-02-06T19:48:43,0,250,0,250
2025-02-06T20:19:37,0,250,0,250
2025-02-06T20:50:32,0,250,0,250
2025-02-06T21:21:25,0,250,0,250
2025-02-06T21:52:33,0,250,0,250
2025-02-06T22:23:27,0,250,0,250
2025-02-06T22:54:22,0,250,0,250
2025-02-06T23:25:18,0,250,0,250
2025-02-06T23:56:13,0,250,0,250
2025-02-07T00:27:07,0,250,0,250
2025-02-07T00:58:05,0,250,0,250
2025-02-07T01:29:12,0,250,0,250
2025-02-07T02:00:15,0,250,0,250
2025-02-07T02:31:11,0,250,0,250
2025-02-07T03:02:11,0,250,0,250
2025-02-07T03:33:09,0,250,0,250
2025-02-07T04:04:15,0,250,0,250
2025-02-07T04:30:32,0,250,0,250
2025-02-07T05:01:54,0,250,0,250
2025-02-07T05:32:54,0,250,0,250
2025-02-07T06:03:51,0,250,0,250
2025-02-07T06:34:48,0,250,0,250
2025-02-07T07:05:45,0,250,0,250
2025-02-07T07:36:39,0,250,0,250
2025-02-07T08:07:33,0,250,0,250
2025-02-07T08:38:39,0,250,0,250
2025-02-07T09:09:42,0,250,0,250
2025-02-07T09:40:40,0,250,0,250
2025-02-07T10:11:52,0,250,0,250
2025-02-07T10:42:56,0,250,0,250
2025-02-07T11:14:14,0,250,0,250
2025-02-07T11:45:33,0,250,0,250
2025-02-07T12:16:48,0,250,0,250
2025-02-07T12:48:19,0,250,0,250
2025-02-07T13:19:51,0,250,0,250
2025-02-07T13:51:27,0,250,0,250
2025-02-07T14:22:51,0,250,0,250
2025-02-07T14:54:20,0,250,0,250
2025-02-07T15:25:27,0,250,0,250
2025-02-07T15:56:44,0,250,0,250
2025-02-07T16:27:58,0,250,0,250
2025-02-07T16:59:12,0,250,0,250
2025-02-07T17:30:19,0,250,0,250
2025-02-07T18:01:32,0,250,0,250
2025-02-07T18:32:38,0,250,0,250
2025-02-07T19:03:53,0,250,0,250
2025-02-07T19:35:00,0,250,0,250
2025-02-07T20:06:13,0,250,0,250
2025-02-07T20:37:18,0,250,0,250
2025-02-07T21:08:22,0,250,0,250
2025-02-07T21:39:39,0,250,0,250
2025-02-07T22:10:44,0,250,0,250
2025-02-07T22:41:49,0,250,0,250
2025-02-07T23:13:02,0,250,0,250
2025-02-07T23:44:06,0,250,0,250
2025-02-08T00:15:12,0,250,0,250
2025-02-08T00:46:21,0,250,0,250
2025-02-08T01:17:37,0,250,0,250
2025-02-08T01:48:45,0,250,0,250
2025-02-08T02:19:53,0,250,0,250
2025-02-08T02:50:57,0,250,0,250
2025-02-08T03:22:03,0,250,0,250
2025-02-08T03:53:11,0,250,0,250
2025-02-08T04:28:07,0,250,0,250
2025-02-08T04:59:40,0,250,0,250
2025-02-08T05:30:50,0,250,0,250
2025-02-08T06:01:58,0,250,0,250
2025-02-08T06:33:07,0,250,0,250
2025-02-08T07:04:19,0,250,0,250
2025-02-08T07:35:29,0,250,0,250
2025-02-08T08:06:38,0,250,0,250
2025-02-08T08:37:45,0,250,0,250
2025-02-08T09:08:59,0,250,0,250
2025-02-08T09:40:04,0,250,0,250
2025-02-08T10:11:09,0,250,0,250
2025-02-08T10:42:12,0,250,0,250
2025-02-08T11:13:18,0,250,0,250
2025-02-08T11:44:34,0,250,0,250
2025-02-08T12:15:38,0,250,0,250
2025-02-08T12:46:44,0,250,0,250
2025-02-08T13:17:48,0,250,0,250
2025-02-08T13:49:03,0,250,0,250
2025-02-08T14:20:08,0,250,0,250
2025-02-08T14:51:13,0,250,0,250
2025-02-08T15:22:28,0,250,0,250
2025-02-08T15:53:32,0,250,0,250
2025-02-08T16:24:37,0,250,0,250
2025-02-08T16:55:51,0,250,0,250
2025-02-08T17:26:56,0,250,0,250
2025-02-08T17:58:00,0,250,0,250
2025-02-08T18:29:05,0,250,0,250
2025-02-08T19:00:20,0,250,0,250
2025-02-08T19:31:24,0,250,0,250
2025-02-08T20:02:28,0,250,0,250
2025-02-08T20:33:31,0,250,0,250
2025-02-08T21:04:36,0,250,0,250
2025-02-08T21:35:52,0,250,0,250
2025-02-08T22:06:55,0,250,0,250
2025-02-08T22:37:59,0,250,0,250
2025-02-08T23:09:04,0,250,0,250
2025-02-08T23:40:19,0,250,0,250
2025-02-09T00:11:24,0,250,0,250
2025-02-09T00:42:30,0,250,0,250
2025-02-09T01:13:37,0,250,0,250
2025-02-09T01:44:41,0,250,0,250
2025-02-09T02:15:46,0,250,0,250
2025-02-09T02:46:50,0,250,0,250
2025-02-09T03:18:04,0,250,0,250
2025-02-09T03:49:15,0,250,0,250
2025-02-09T04:26:11,0,250,0,250
2025-02-09T04:57:45,0,250,0,250
2025-02-09T05:28:57,0,250,0,250
2025-02-09T06:00:06,0,250,0,250
2025-02-09T06:31:16,0,250,0,250
2025-02-09T07:02:25,0,250,0,250
2025-02-09T07:33:35,0,250,0,250
2025-02-09T08:05:52,0,250,0,250
2025-02-09T08:37:01,0,250,0,250
2025-02-09T09:08:22,0,250,0,250
2025-02-09T09:39:30,0,250,0,250
2025-02-09T10:10:54,0,250,0,250
2025-02-09T10:42:01,0,250,0,250
2025-02-09T11:13:08,0,250,0,250
2025-02-09T11:44:15,0,250,0,250
2025-02-09T12:15:30,0,250,0,250
2025-02-09T12:46:34,0,250,0,250
2025-02-09T13:17:38,0,250,0,250
2025-02-09T13:48:42,0,250,0,250
2025-02-09T14:19:57,0,250,0,250
2025-02-09T14:51:01,0,250,0,250
2025-02-09T15:22:07,0,250,0,250
2025-02-09T15:53:24,0,250,0,250
2025-02-09T16:24:29,0,250,0,250
2025-02-09T16:55:32,0,250,0,250
2025-02-09T17:26:38,0,250,0,250
2025-02-09T17:57:52,0,250,0,250
2025-02-09T18:28:56,0,250,0,250
2025-02-09T19:00:00,0,250,0,250
2025-02-09T19:31:06,0,250,0,250
2025-02-09T20:02:29,0,250,0,250
2025-02-09T20:33:33,0,250,0,250
2025-02-09T21:04:39,0,250,0,250
2025-02-09T21:35:55,0,250,0,250
2025-02-09T22:07:01,0,250,0,250
2025-02-09T22:38:04,0,250,0,250
2025-02-09T23:09:09,0,250,0,250
2025-02-09T23:40:24,0,250,0,250
2025-02-10T00:11:29,0,250,0,250
2025-02-10T00:42:38,0,250,0,250
2025-02-10T01:13:49,0,250,0,250
2025-02-10T01:44:58,0,250,0,250
2025-02-10T02:16:17,0,250,0,250
2025-02-10T02:47:24,0,250,0,250
2025-02-10T03:18:31,0,250,0,250
2025-02-10T03:49:39,0,250,0,250
2025-02-10T04:21:32,0,250,0,250
2025-02-10T04:53:01,0,250,0,250
2025-02-10T05:24:10,0,250,0,250
2025-02-10T05:55:19,0,250,0,250
2025-02-10T06:26:27,0,250,0,250
2025-02-10T06:57:34,0,250,0,250
2025-02-10T07:28:42,0,250,0,250
2025-02-10T07:59:50,0,250,0,250
2025-02-10T08:30:55,0,250,0,250
2025-02-10T09:02:10,0,250,0,250
2025-02-10T09:33:17,0,250,0,250
2025-02-10T10:04:24,0,250,0,250
2025-02-10T10:35:45,0,250,0,250
2025-02-10T11:06:52,0,250,0,250
2025-02-10T11:38:22,0,250,0,250
2025-02-10T12:09:30,0,250,0,250
2025-02-10T12:40:49,0,250,0,250
2025-02-10T13:14:16,0,250,0,250
2025-02-10T13:50:22,0,250,0,250
2025-02-10T14:22:47,0,250,0,250
2025-02-10T14:53:58,0,250,0,250
2025-02-10T15:25:31,0,250,0,250
2025-02-10T15:57:01,0,250,0,250
2025-02-10T16:28:13,0,250,0,250
2025-02-10T16:59:25,0,250,0,250
2025-02-10T17:30:48,0,250,0,250
2025-02-10T18:02:00,0,250,0,250
2025-02-10T18:33:31,0,250,0,250
2025-02-10T19:04:42,0,250,0,250
2025-02-10T19:36:14,0,250,0,250
2025-02-10T20:07:25,0,250,0,250
2025-02-10T20:38:38,0,250,0,250
2025-02-10T21:10:02,0,250,0,250
2025-02-10T21:41:15,0,250,0,250
2025-02-10T22:12:28,0,250,0,250
2025-02-10T22:43:50,0,250,0,250
2025-02-10T23:15:01,0,250,0,250
2025-02-10T23:46:12,0,250,0,250
2025-02-11T00:17:26,0,250,0,250
2025-02-11T00:48:52,0,250,0,250
2025-02-11T01:20:09,0,250,0,250
2025-02-11T01:51:26,0,250,0,250
2025-02-11T02:22:43,0,250,0,250
2025-02-11T02:53:54,0,250,0,250
2025-02-11T03:25:09,0,250,0,250
2025-02-11T03:56:24,0,250,0,250
2025-02-11T04:32:05,0,250,0,250
2025-02-11T05:03:37,0,250,0,250
2025-02-11T05:34:54,0,250,0,250
2025-02-11T06:06:10,0,250,0,250
2025-02-11T06:37:25,0,250,0,250
2025-02-11T07:08:45,0,250,0,250
2025-02-11T07:39:59,0,250,0,250
2025-02-11T08:11:15,0,250,0,250
2025-02-11T08:42:30,0,250,0,250
2025-02-11T09:14:04,0,250,0,250
2025-02-11T09:45:16,0,250,0,250
2025-02-11T10:16:39,0,250,0,250
2025-02-11T10:47:52,0,250,0,250
2025-02-11T11:19:09,0,250,0,250
2025-02-11T11:50:37,0,250,0,250
2025-02-11T12:22:03,0,250,0,250
2025-02-11T12:53:15,0,250,0,250
2025-02-11T13:24:28,0,250,0,250
2025-02-11T13:55:50,0,250,0,250
2025-02-11T14:27:16,0,250,0,250
2025-02-11T14:58:30,0,250,0,250
2025-02-11T15:29:56,0,250,0,250
2025-02-11T16:01:08,0,250,0,250
2025-02-11T16:32:35,0,250,0,250
2025-02-11T17:03:52,0,250,0,250
2025-02-11T17:35:20,0,250,0,250
2025-02-11T18:06:33,0,250,0,250
2025-02-11T18:37:47,0,250,0,250
2025-02-11T19:09:09,0,250,0,250
2025-02-11T19:40:22,0,250,0,250
2025-02-11T20:11:45,0,250,0,250
2025-02-11T20:42:58,0,250,0,250
2025-02-11T21:14:10,0,250,0,250
2025-02-11T21:45:36,0,250,0,250
2025-02-11T22:17:00,0,250,0,250
2025-02-11T22:48:12,0,250,0,250
2025-02-11T23:19:36,0,250,0,250
2025-02-11T23:50:49,0,250,0,250
2025-02-12T00:22:15,0,250,0,250
2025-02-12T00:53:31,0,250,0,250
2025-02-12T01:24:49,0,250,0,250
2025-02-12T01:56:10,0,250,0,250
2025-02-12T02:27:29,0,250,0,250
2025-02-12T02:58:47,0,250,0,250
2025-02-12T03:30:14,0,250,0,250
2025-02-12T04:01:40,0,250,0,250
2025-02-12T04:26:35,0,250,0,250
2025-02-12T04:59:33,0,250,0,250
2025-02-12T05:30:50,0,250,0,250
2025-02-12T06:02:08,0,250,0,250
2025-02-12T06:33:25,0,250,0,250
2025-02-12T07:04:43,0,250,0,250
2025-02-12T07:35:57,0,250,0,250
2025-02-12T08:07:11,0,250,0,250
2025-02-12T08:38:25,0,250,0,250
2025-02-12T09:09:42,0,250,0,250
2025-02-12T09:41:15,0,250,0,250
2025-02-12T10:12:27,0,250,0,250
2025-02-12T10:43:40,0,250,0,250
2025-02-12T11:15:06,0,250,0,250
2025-02-12T11:46:20,0,250,0,250
2025-02-12T12:17:47,0,250,0,250
2025-02-12T12:49:03,0,250,0,250
2025-02-12T13:20:40,0,250,0,250
2025-02-12T13:51:57,0,250,0,250
2025-02-12T14:23:27,0,250,0,250
2025-02-12T14:54:42,0,250,0,250
2025-02-12T15:26:20,0,250,0,250
2025-02-12T15:57:36,0,250,0,250
2025-02-12T16:29:04,0,250,0,250
2025-02-12T17:00:21,0,250,0,250
2025-02-12T17:31:58,0,250,0,250
2025-02-12T18:03:14,0,250,0,250
2025-02-12T18:34:30,0,250,0,250
2025-02-12T19:05:46,0,250,0,250
2025-02-12T19:37:13,0,250,0,250
2025-02-12T20:08:29,0,250,0,250
2025-02-12T20:39:55,0,250,0,250
2025-02-12T21:11:11,0,250,0,250
2025-02-12T21:42:27,0,250,0,250
2025-02-12T22:13:43,0,250,0,250
2025-02-12T22:45:09,0,250,0,250
2025-02-12T23:16:27,0,250,0,250
2025-02-12T23:47:44,0,250,0,250
2025-02-13T00:19:03,0,250,0,250
2025-02-13T00:50:33,0,250,0,250
2025-02-13T01:21:56,0,250,0,250
2025-02-13T01:53:19,0,250,0,250
2025-02-13T02:24:39,0,250,0,250
2025-02-13T02:55:56,0,250,0,250
2025-02-13T03:27:25,0,250,0,250
2025-02-13T03:58:44,0,250,0,250
2025-02-13T04:31:57,0,250,0,250
2025-02-13T05:03:43,0,250,0,250
2025-02-13T05:35:07,0,250,0,250
2025-02-13T06:06:28,0,250,0,250
2025-02-13T06:37:50,0,250,0,250
2025-02-13T07:09:13,0,250,0,250
2025-02-13T07:40:32,0,250,0,250
2025-02-13T08:11:51,0,250,0,250
2025-02-13T08:43:10,0,250,0,250
2025-02-13T09:14:32,0,250,0,250
2025-02-13T09:45:58,0,250,0,250
2025-02-13T10:17:16,0,250,0,250
2025-02-13T10:48:34,0,250,0,250
2025-02-13T11:20:05,0,250,0,250
2025-02-13T11:51:21,0,250,0,250
2025-02-13T12:22:51,0,250,0,250
2025-02-13T12:54:13,0,250,0,250
2025-02-13T13:25:32,0,250,0,250
2025-02-13T13:57:04,0,250,0,250
2025-02-13T14:28:23,0,250,0,250
2025-02-13T14:59:52,0,250,0,250
2025-02-13T15:31:12,0,250,0,250
2025-02-13T16:02:34,0,250,0,250
2025-02-13T16:34:06,0,250,0,250
2025-02-13T17:05:26,0,250,0,250
2025-02-13T17:36:47,0,250,0,250
2025-02-13T18:08:16,0,250,0,250
2025-02-13T18:39:35,0,250,0,250
2025-02-13T19:10:54,0,250,0,250
2025-02-13T19:42:26,0,250,0,250
2025-02-13T20:13:47,0,250,0,250
2025-02-13T20:45:05,0,250,0,250
2025-02-13T21:16:25,0,250,0,250
2025-02-13T21:47:55,0,250,0,250
2025-02-13T22:19:14,0,250,0,250
2025-02-13T22:50:33,0,250,0,250
2025-02-13T23:21:52,0,250,0,250
2025-02-13T23:53:20,0,250,0,250
2025-02-14T00:24:43,0,250,0,250
2025-02-14T00:56:06,0,250,0,250
2025-02-14T01:27:30,0,250,0,250
2025-02-14T01:58:57,0,250,0,250
2025-02-14T02:30:24,0,250,0,250
2025-02-14T03:01:55,0,250,0,250
2025-02-14T03:33:28,0,250,0,250
2025-02-14T04:04:50,0,250,0,250
2025-02-14T04:22:41,0,250,0,250
2025-02-14T04:54:24,0,250,0,250
2025-02-14T05:25:50,0,250,0,250
2025-02-14T05:57:14,0,250,0,250
2025-02-14T06:28:37,0,250,0,250
2025-02-14T06:59:59,0,250,0,250
2025-02-14T07:31:23,0,250,0,250
2025-02-14T08:02:43,0,250,0,250
2025-02-14T08:34:05,0,250,0,250
2025-02-14T09:05:37,0,250,0,250
2025-02-14T09:36:56,0,250,0,250
2025-02-14T10:08:15,0,250,0,250
2025-02-14T10:39:34,0,250,0,250
2025-02-14T11:11:04,0,250,0,250
2025-02-14T11:42:27,0,250,0,250
2025-02-14T12:14:29,0,250,0,250
2025-02-14T12:46:10,0,250,0,250
2025-02-14T13:17:34,0,250,0,250
2025-02-14T13:49:03,0,250,0,250
2025-02-14T14:20:21,0,250,0,250
2025-02-14T14:51:41,0,250,0,250
2025-02-14T15:23:16,0,250,0,250
2025-02-14T15:54:36,0,250,0,250
2025-02-14T16:25:56,0,250,0,250
2025-02-14T16:57:24,0,250,0,250
2025-02-14T17:28:45,0,250,0,250
2025-02-14T18:00:05,0,250,0,250
2025-02-14T18:31:25,0,250,0,250
2025-02-14T19:02:54,0,250,0,250
2025-02-14T19:34:15,0,250,0,250
2025-02-14T20:05:35,0,250,0,250
2025-02-14T20:36:55,0,250,0,250
2025-02-14T21:08:24,0,250,0,250
2025-02-14T21:39:46,0,250,0,250
2025-02-14T22:11:09,0,250,0,250
2025-02-14T22:42:29,0,250,0,250
2025-02-14T23:13:58,0,250,0,250
2025-02-14T23:45:19,0,250,0,250
2025-02-15T00:18:28,0,250,0,250
2025-02-15T00:50:02,0,250,0,250
2025-02-15T01:21:25,0,250,0,250
2025-02-15T01:52:48,0,250,0,250
2025-02-15T02:24:10,0,250,0,250
2025-02-15T02:55:30,0,250,0,250
2025-02-15T03:26:50,0,250,0,250
2025-02-15T03:58:21,0,250,0,250
2025-02-15T04:24:26,0,250,0,250
2025-02-15T04:56:16,0,250,0,250
2025-02-15T05:27:41,0,250,0,250
2025-02-15T05:59:04,0,250,0,250
2025-02-15T06:30:27,0,250,0,250
2025-02-15T07:02:04,0,250,0,250
2025-02-15T07:33:28,0,250,0,250
2025-02-15T08:04:51,0,250,0,250
2025-02-15T08:36:20,0,250,0,250
2025-02-15T09:07:40,0,250,0,250
2025-02-15T09:39:00,0,250,0,250
2025-02-15T10:10:19,0,250,0,250
2025-02-15T10:41:55,0,250,0,250
2025-02-15T11:13:15,0,250,0,250
2025-02-15T11:44:35,1,249,0,250
2025-02-15T12:16:03,1,249,0,250
2025-02-15T12:47:23,1,249,0,250
2025-02-15T13:18:57,1,249,0,250
2025-02-15T13:50:17,2,248,0,250
2025-02-15T14:21:36,4,246,0,250
2025-02-15T14:53:10,5,245,0,250
2025-02-15T15:24:29,5,245,0,250
2025-02-15T15:55:57,5,245,0,250
2025-02-15T16:27:17,5,245,0,250
2025-02-15T16:58:35,5,245,0,250
2025-02-15T17:30:05,5,245,0,250
2025-02-15T18:01:24,5,245,0,250
2025-02-15T18:32:43,5,245,0,250
2025-02-15T19:04:26,5,245,0,250
2025-02-15T19:35:45,5,245,0,250
2025-02-15T20:07:04,5,245,0,250
2025-02-15T20:38:32,5,245,0,250
2025-02-15T21:09:51,5,245,0,250
2025-02-15T21:41:14,5,245,0,250
2025-02-15T22:12:34,5,245,0,250
2025-02-15T22:44:06,5,245,0,250
2025-02-15T23:15:25,5,245,0,250
2025-02-15T23:46:45,5,245,0,250
2025-02-16T00:18:21,5,245,0,250
2025-02-16T00:49:41,5,245,0,250
2025-02-16T01:22:40,5,245,0,250
2025-02-16T01:54:00,5,245,0,250
2025-02-16T02:25:21,5,245,0,250
2025-02-16T02:56:40,5,245,0,250
2025-02-16T03:28:01,5,245,0,250
2025-02-16T03:59:20,5,245,0,250
2025-02-16T04:21:36,5,245,0,250
2025-02-16T04:53:26,5,245,0,250
2025-02-16T05:24:55,5,245,0,250
2025-02-16T05:56:29,5,245,0,250
2025-02-16T06:28:12,5,245,0,250
2025-02-16T06:59:37,5,245,0,250
2025-02-16T07:31:05,5,245,0,250
2025-02-16T08:02:32,5,245,0,250
2025-02-16T08:34:06,5,245,0,250
2025-02-16T09:05:30,5,245,0,250
2025-02-16T09:36:54,5,245,0,250
2025-02-16T10:08:19,5,245,0,250
2025-02-16T10:39:47,5,245,0,250
2025-02-16T11:11:19,5,245,0,250
2025-02-16T11:42:39,5,245,0,250
2025-02-16T12:13:59,5,245,0,250
2025-02-16T12:45:19,5,245,0,250
2025-02-16T13:16:48,5,245,0,250
2025-02-16T13:48:08,6,244,0,250
2025-02-16T14:19:27,6,244,0,250
2025-02-16T14:50:47,6,244,0,250
2025-02-16T15:22:15,6,244,0,250
2025-02-16T15:53:35,6,244,0,250
2025-02-16T16:24:54,6,244,0,250
2025-02-16T16:56:23,6,244,0,250
2025-02-16T17:27:42,6,244,0,250
2025-02-16T17:59:02,6,244,0,250
2025-02-16T18:30:21,6,244,0,250
2025-02-16T19:01:50,6,244,0,250
2025-02-16T19:33:10,6,244,0,250
2025-02-16T20:04:29,6,244,0,250
2025-02-16T20:35:58,6,244,0,250
2025-02-16T21:07:17,6,244,0,250
2025-02-16T21:38:38,6,244,0,250
2025-02-16T22:10:00,6,244,0,250
2025-02-16T22:41:29,6,244,0,250
2025-02-16T23:12:48,6,244,0,250
2025-02-16T23:44:08,6,244,0,250
2025-02-17T00:15:29,6,244,0,250
2025-02-17T00:46:59,6,244,0,250
2025-02-17T01:18:26,6,244,0,250
2025-02-17T01:49:47,6,244,0,250
2025-02-17T02:21:13,6,244,0,250
2025-02-17T02:52:34,6,244,0,250
2025-02-17T03:24:06,6,244,0,250
2025-02-17T03:55:27,6,244,0,250
2025-02-17T04:21:15,6,244,0,250
2025-02-17T04:53:01,6,244,0,250
2025-02-17T05:24:28,6,244,0,250
2025-02-17T05:55:54,6,244,0,250
2025-02-17T06:27:17,6,244,0,250
2025-02-17T06:58:41,6,244,0,250
2025-02-17T07:30:04,6,244,0,250
2025-02-17T08:01:25,6,244,0,250
2025-02-17T08:32:50,6,244,0,250
2025-02-17T09:04:20,6,244,0,250
2025-02-17T09:35:39,6,244,0,250
2025-02-17T10:06:58,6,244,0,250
2025-02-17T10:38:17,6,244,0,250
2025-02-17T11:09:47,6,244,0,250
2025-02-17T11:41:07,6,244,0,250
2025-02-17T12:12:38,6,244,0,250
2025-02-17T12:43:57,6,244,0,250
2025-02-17T13:15:17,6,244,0,250
2025-02-17T13:46:49,6,244,0,250
2025-02-17T14:18:09,6,244,0,250
2025-02-17T14:49:39,6,244,0,250
2025-02-17T15:21:11,6,244,0,250
2025-02-17T15:52:31,6,244,0,250
2025-02-17T16:24:03,6,244,0,250
2025-02-17T16:55:23,7,243,0,250
2025-02-17T17:26:54,7,243,0,250
2025-02-17T17:58:14,7,243,0,250
2025-02-17T18:29:43,8,242,0,250
2025-02-17T19:01:02,8,242,0,250
2025-02-17T19:32:32,10,240,0,250
2025-02-17T20:03:51,10,240,0,250
2025-02-17T20:35:21,10,240,0,250
2025-02-17T21:06:40,10,240,0,250
2025-02-17T21:38:12,10,240,0,250
2025-02-17T22:09:33,10,240,0,250
2025-02-17T22:41:03,10,240,0,250
2025-02-17T23:12:23,10,240,0,250
2025-02-17T23:43:43,10,240,0,250
2025-02-18T00:15:15,10,240,0,250
2025-02-18T00:46:38,10,240,0,250
2025-02-18T01:18:00,10,240,0,250
2025-02-18T01:49:31,10,240,0,250
2025-02-18T02:21:04,10,240,0,250
2025-02-18T02:52:26,10,240,0,250
2025-02-18T03:23:48,10,240,0,250
2025-02-18T03:55:09,10,240,0,250
2025-02-18T04:32:37,10,240,0,250
2025-02-18T05:04:23,10,240,0,250
2025-02-18T05:35:51,10,240,0,250
2025-02-18T06:07:14,10,240,0,250
2025-02-18T06:38:46,10,240,0,250
2025-02-18T07:10:10,10,240,0,250
2025-02-18T07:41:32,10,240,0,250
2025-02-18T08:13:00,10,240,0,250
2025-02-18T08:44:24,9,241,0,250
2025-02-18T09:15:48,9,241,0,250
2025-02-18T09:47:22,9,241,0,250
2025-02-18T10:18:59,9,241,0,250
2025-02-18T10:50:24,9,241,0,250
2025-02-18T11:22:02,10,240,0,250
2025-02-18T11:53:38,10,240,0,250
2025-02-18T12:25:16,10,240,0,250
2025-02-18T12:56:55,10,240,0,250
2025-02-18T13:28:32,10,240,0,250
2025-02-18T14:00:12,10,240,0,250
2025-02-18T14:32:05,10,240,0,250
2025-02-18T15:03:47,10,240,0,250
2025-02-18T15:35:33,10,240,0,250
2025-02-18T16:07:16,10,240,0,250
2025-02-18T16:38:55,11,239,0,250
2025-02-18T17:10:48,11,239,0,250
2025-02-18T17:42:27,11,239,0,250
2025-02-18T18:14:09,11,239,0,250
2025-02-18T18:45:47,12,238,0,250
2025-02-18T19:17:28,12,238,0,250
2025-02-18T19:48:57,12,238,0,250
2025-02-18T20:03:36,12,238,0,250
2025-02-18T20:35:07,12,238,0,250
2025-02-18T21:06:45,13,237,0,250
2025-02-18T21:38:25,13,237,0,250
2025-02-18T22:09:51,13,237,0,250
2025-02-18T22:41:41,13,237,0,250
2025-02-18T23:13:06,13,237,0,250
2025-02-18T23:44:42,13,237,0,250
2025-02-19T00:16:29,13,237,0,250
2025-02-19T00:48:22,13,237,0,250
2025-02-19T01:19:54,13,237,0,250
2025-02-19T01:51:26,13,237,0,250
2025-02-19T02:23:12,13,237,0,250
2025-02-19T02:54:41,13,237,0,250
2025-02-19T03:26:10,13,237,0,250
2025-02-19T03:57:48,13,237,0,250
2025-02-19T04:25:44,13,237,0,250
2025-02-19T04:57:38,13,237,0,250
2025-02-19T05:29:10,13,237,0,250
2025-02-19T06:00:42,13,237,0,250
2025-02-19T06:32:11,13,237,0,250
2025-02-19T07:03:39,13,237,0,250
2025-02-19T07:35:05,13,237,0,250
2025-02-19T08:06:44,13,237,0,250
2025-02-19T08:38:10,13,237,0,250
2025-02-19T09:09:38,13,237,0,250
2025-02-19T09:41:16,13,237,0,250
2025-02-19T10:12:59,13,237,0,250
2025-02-19T10:44:38,13,237,0,250
2025-02-19T11:16:28,13,237,0,250
2025-02-19T11:48:13,13,237,0,250
2025-02-19T12:19:55,13,237,0,250
2025-02-19T12:51:45,13,237,0,250
2025-02-19T13:23:26,13,237,0,250
2025-02-19T13:55:08,14,236,0,250
2025-02-19T14:26:55,15,235,0,250
2025-02-19T14:59:33,15,235,0,250
2025-02-19T15:31:20,16,234,0,250
2025-02-19T16:03:02,16,234,0,250
2025-02-19T16:34:57,16,234,0,250
2025-02-19T17:06:40,17,233,0,250
2025-02-19T17:38:34,17,233,0,250
2025-02-19T18:10:06,17,233,0,250
2025-02-19T18:41:48,17,233,0,250
2025-02-19T19:13:30,17,233,0,250
2025-02-19T19:45:08,17,233,0,250
2025-02-19T20:16:49,17,233,0,250
2025-02-19T20:48:29,18,232,0,250
2025-02-19T21:19:57,19,231,0,250
2025-02-19T21:51:35,19,231,0,250
2025-02-19T22:23:12,19,231,0,250
2025-02-19T22:54:39,19,231,0,250
2025-02-19T23:26:17,19,231,0,250
2025-02-19T23:57:44,19,231,0,250
2025-02-20T00:29:22,19,231,0,250
2025-02-20T01:00:54,19,231,0,250
2025-02-20T01:32:36,19,231,0,250
2025-02-20T02:04:11,19,231,0,250
2025-02-20T02:35:40,19,231,0,250
2025-02-20T03:07:08,19,231,0,250
2025-02-20T03:38:38,19,231,0,250
2025-02-20T04:23:09,19,231,0,250
2025-02-20T04:55:06,19,231,0,250
2025-02-20T05:26:38,19,231,0,250
2025-02-20T05:58:10,19,231,0,250
2025-02-20T06:29:41,19,231,0,250
2025-02-20T07:01:13,19,231,0,250
2025-02-20T07:32:54,19,231,0,250
2025-02-20T08:04:23,19,231,0,250
2025-02-20T08:35:50,19,231,0,250
2025-02-20T09:07:19,19,231,0,250
2025-02-20T09:38:58,20,230,0,250
2025-02-20T10:10:42,20,230,0,250
2025-02-20T10:42:26,21,229,0,250
2025-02-20T11:13:59,22,228,0,250
2025-02-20T11:45:44,22,228,0,250
2025-02-20T12:17:24,23,227,0,250
2025-02-20T12:49:08,25,225,0,250
2025-02-20T13:20:53,26,224,0,250
2025-02-20T13:52:38,26,224,0,250
2025-02-20T14:24:20,27,223,0,250
2025-02-20T14:56:04,28,222,0,250
2025-02-20T15:27:47,31,219,0,250
2025-02-20T15:59:32,34,216,0,250
2025-02-20T16:31:16,38,212,0,250
2025-02-20T17:02:52,39,211,0,250
2025-02-20T17:34:36,41,209,0,250
2025-02-20T18:06:18,45,205,0,250
2025-02-20T18:38:00,48,202,0,250
2025-02-20T19:09:29,50,200,0,250
2025-02-20T19:41:08,55,195,0,250
2025-02-20T20:12:37,54,196,0,250
2025-02-20T20:44:15,54,196,0,250
2025-02-20T21:15:44,55,195,0,250
2025-02-20T21:47:23,55,195,0,250
2025-02-20T22:18:54,55,195,0,250
2025-02-20T22:50:23,55,195,0,250
2025-02-20T23:22:03,56,194,0,250
2025-02-20T23:53:33,56,194,0,250
2025-02-21T00:25:03,56,194,0,250
2025-02-21T00:56:46,56,194,0,250
2025-02-21T01:28:17,56,194,0,250
2025-02-21T01:59:55,56,194,0,250
2025-02-21T02:31:27,56,194,0,250
2025-02-21T03:02:58,56,194,0,250
2025-02-21T03:34:32,56,194,0,250
2025-02-21T04:06:05,56,194,0,250
2025-02-21T04:31:05,56,194,0,250
2025-02-21T05:04:11,56,194,0,250
2025-02-21T05:35:47,56,194,0,250
2025-02-21T06:07:23,56,194,0,250
2025-02-21T06:39:00,56,194,0,250
2025-02-21T07:10:35,56,194,0,250
2025-02-21T07:42:08,56,194,0,250
2025-02-21T08:13:38,56,194,0,250
2025-02-21T08:45:12,56,194,0,250
2025-02-21T09:16:50,56,194,0,250
2025-02-21T09:48:20,56,194,0,250
2025-02-21T10:19:49,56,194,0,250
2025-02-21T10:51:31,57,193,0,250
2025-02-21T11:23:04,57,193,0,250
2025-02-21T11:54:43,57,193,0,250
2025-02-21T12:26:13,57,193,0,250
2025-02-21T12:57:52,57,193,0,250
2025-02-21T13:29:22,57,193,0,250
2025-02-21T14:01:01,57,193,0,250
2025-02-21T14:32:32,57,193,0,250
2025-02-21T15:04:12,57,193,0,250
2025-02-21T15:35:42,59,191,0,250
2025-02-21T16:07:22,59,191,0,250
2025-02-21T16:38:52,59,191,0,250
2025-02-21T17:10:22,59,191,0,250
2025-02-21T17:42:02,59,191,0,250
2025-02-21T18:13:31,59,191,0,250
2025-02-21T18:45:01,59,191,0,250
2025-02-21T19:16:30,59,191,0,250
2025-02-21T19:48:08,60,190,0,250
2025-02-21T20:19:37,60,190,0,250
2025-02-21T20:51:06,60,190,0,250
2025-02-21T21:22:38,60,190,0,250
2025-02-21T21:54:19,61,189,0,250
2025-02-21T22:25:49,61,189,0,250
2025-02-21T22:57:19,61,189,0,250
2025-02-21T23:28:50,61,189,0,250
2025-02-22T00:00:20,61,189,0,250
2025-02-22T00:32:03,61,189,0,250
2025-02-22T01:03:37,61,189,0,250
2025-02-22T01:35:11,61,189,0,250
2025-02-22T02:06:43,61,189,0,250
2025-02-22T02:38:13,61,189,0,250
2025-02-22T03:09:43,61,189,0,250
2025-02-22T03:41:13,61,189,0,250
2025-02-22T16:28:11,61,189,0,250
2025-02-22T16:59:51,61,189,0,250
2025-02-22T17:31:21,61,189,0,250
2025-02-22T18:02:50,61,189,0,250
2025-02-22T18:34:21,61,189,0,250
2025-02-22T19:05:50,61,189,0,250
2025-02-22T19:37:29,61,189,0,250
2025-02-22T20:08:58,61,189,0,250
2025-02-22T20:40:28,61,189,0,250
2025-02-22T21:11:58,61,189,0,250
2025-02-22T21:43:38,61,189,0,250
2025-02-22T22:15:07,61,189,0,250
2025-02-22T22:46:36,61,189,0,250
2025-02-22T23:18:06,61,189,0,250
2025-02-22T23:49:36,61,189,0,250
2025-02-23T00:21:18,62,188,0,250
2025-02-23T00:52:49,62,188,0,250
2025-02-23T01:24:20,62,188,0,250
2025-02-23T01:55:51,62,188,0,250
2025-02-23T02:27:21,62,188,0,250
2025-02-23T02:58:52,62,188,0,250
2025-02-23T03:30:46,62,188,0,250
2025-02-23T04:26:10,62,188,0,250
2025-02-23T04:57:47,62,188,0,250
2025-02-23T05:26:17,62,188,0,250
2025-02-23T05:58:15,62,188,0,250
2025-02-23T06:29:50,62,188,0,250
2025-02-23T07:01:26,62,188,0,250
2025-02-23T07:33:01,62,188,0,250
2025-02-23T08:04:35,62,188,0,250
2025-02-23T08:36:08,62,188,0,250
2025-02-23T09:07:38,62,188,0,250
2025-02-23T09:39:10,62,188,0,250
2025-02-23T10:10:46,62,188,0,250
2025-02-23T10:42:16,62,188,0,250
2025-02-23T11:13:47,62,188,0,250
2025-02-23T11:45:20,62,188,0,250
2025-02-23T12:17:02,62,188,0,250
2025-02-23T12:48:34,62,188,0,250
2025-02-23T13:20:04,62,188,0,250
2025-02-23T13:51:34,62,188,0,250
2025-02-23T14:23:14,62,188,0,250
2025-02-23T14:54:43,62,188,0,250
2025-02-23T15:26:13,62,188,0,250
2025-02-23T15:57:51,62,188,0,250
2025-02-23T16:29:20,62,188,0,250
2025-02-23T17:00:49,62,188,0,250
2025-02-23T17:32:19,62,188,0,250
2025-02-23T18:03:57,62,188,0,250
2025-02-23T18:35:26,62,188,0,250
2025-02-23T19:06:56,62,188,0,250
2025-02-23T19:38:36,62,188,0,250
2025-02-23T20:10:08,62,188,0,250
2025-02-23T20:41:37,62,188,0,250
2025-02-23T21:13:16,62,188,0,250
2025-02-23T21:44:51,62,188,0,250
2025-02-23T22:16:20,62,188,0,250
2025-02-23T22:47:49,62,188,0,250
2025-02-23T23:19:30,62,188,0,250
2025-02-23T23:51:02,62,188,0,250
2025-02-24T00:23:34,62,188,0,250
2025-02-24T00:55:19,62,188,0,250
2025-02-24T01:26:55,62,188,0,250
2025-02-24T01:58:29,62,188,0,250
2025-02-24T02:30:04,62,188,0,250
2025-02-24T03:01:36,62,188,0,250
2025-02-24T03:33:18,62,188,0,250
2025-02-24T04:04:50,62,188,0,250
2025-02-24T04:27:37,62,188,0,250
2025-02-24T05:00:39,62,188,0,250
2025-02-24T05:32:17,62,188,0,250
2025-02-24T06:03:53,62,188,0,250
2025-02-24T06:35:26,62,188,0,250
2025-02-24T07:06:57,62,188,0,250
2025-02-24T07:38:30,62,188,0,250
2025-02-24T08:10:00,62,188,0,250
2025-02-24T08:41:39,62,188,0,250
2025-02-24T09:13:09,62,188,0,250
2025-02-24T09:44:40,62,188,0,250
2025-02-24T10:16:21,62,188,0,250
2025-02-24T10:47:52,62,188,0,250
2025-02-24T11:19:36,62,188,0,250
2025-02-24T11:51:23,63,187,0,250
2025-02-24T12:23:11,64,186,0,250
2025-02-24T12:54:49,64,186,0,250
2025-02-24T13:26:35,64,186,0,250
2025-02-24T13:58:19,66,184,0,250
2025-02-24T14:30:05,69,181,0,250
2025-02-24T15:01:40,72,178,0,250
2025-02-24T15:33:27,73,177,0,250
2025-02-24T16:05:15,73,177,0,250
2025-02-24T16:36:51,73,177,0,250
2025-02-24T17:08:38,73,177,0,250
2025-02-24T17:40:24,73,177,0,250
2025-02-24T18:12:00,74,176,0,250
2025-02-24T18:43:47,74,176,0,250
2025-02-24T19:15:22,74,176,0,250
2025-02-24T19:46:57,74,176,0,250
2025-02-24T20:18:43,74,176,0,250
2025-02-24T20:50:18,74,176,0,250
2025-02-24T21:22:07,74,176,0,250
2025-02-24T21:53:43,74,176,0,250
2025-02-24T22:25:30,74,176,0,250
2025-02-24T22:57:05,74,176,0,250
2025-02-24T23:28:42,74,176,0,250
2025-02-25T00:00:27,74,176,0,250
2025-02-25T00:32:09,74,176,0,250
2025-02-25T01:03:49,74,176,0,250
2025-02-25T01:35:34,74,176,0,250
2025-02-25T02:07:14,74,176,0,250
2025-02-25T02:39:05,74,176,0,250
2025-02-25T03:10:42,74,176,0,250
2025-02-25T03:42:19,74,176,0,250
2025-02-25T04:20:29,74,176,0,250
2025-02-25T04:52:36,74,176,0,250
2025-02-25T05:24:21,74,176,0,250
2025-02-25T05:56:03,74,176,0,250
2025-02-25T06:27:43,74,176,0,250
2025-02-25T06:59:23,74,176,0,250
2025-02-25T07:31:05,74,176,0,250
2025-02-25T08:02:56,74,176,0,250
2025-02-25T08:34:34,74,176,0,250
2025-02-25T09:06:11,74,176,0,250
2025-02-25T09:38:01,74,176,0,250
2025-02-25T10:09:38,74,176,0,250
2025-02-25T10:41:31,74,176,0,250
2025-02-25T11:13:09,74,176,0,250
2025-02-25T11:44:56,74,176,0,250
2025-02-25T12:16:44,75,175,0,250
2025-02-25T12:48:40,75,175,0,250
2025-02-25T13:20:26,75,175,0,250
2025-02-25T13:52:03,75,175,0,250
2025-02-25T14:24:01,75,175,0,250
2025-02-25T14:55:49,75,175,0,250
2025-02-25T15:27:47,75,175,0,250
2025-02-25T15:59:39,76,174,0,250
2025-02-25T16:31:22,76,174,0,250
2025-02-25T17:03:14,76,174,0,250
2025-02-25T17:35:16,76,174,0,250
2025-02-25T18:07:08,76,174,0,250
2025-02-25T18:38:48,77,173,0,250
2025-02-25T19:10:38,77,173,0,250
2025-02-25T19:42:18,77,173,0,250
2025-02-25T20:14:09,77,173,0,250
2025-02-25T20:45:49,77,173,0,250
2025-02-25T21:17:42,77,173,0,250
2025-02-25T21:49:25,77,173,0,250
2025-02-25T22:21:16,77,173,0,250
2025-02-25T22:52:56,77,173,0,250
2025-02-25T23:24:38,77,173,0,250
2025-02-25T23:56:30,77,173,0,250
2025-02-26T00:28:12,77,173,0,250
2025-02-26T00:59:55,77,173,0,250
2025-02-26T01:31:50,77,173,0,250
2025-02-26T02:03:38,77,173,0,250
2025-02-26T02:35:24,77,173,0,250
2025-02-26T03:07:08,77,173,0,250
2025-02-26T03:38:54,77,173,0,250
2025-02-26T04:10:48,77,173,0,250
2025-02-26T04:30:30,77,173,0,250
2025-02-26T05:02:33,77,173,0,250
2025-02-26T05:34:30,77,173,0,250
2025-02-26T06:06:14,77,173,0,250
2025-02-26T06:37:57,77,173,0,250
2025-02-26T07:09:40,77,173,0,250
2025-02-26T07:41:20,77,173,0,250
2025-02-26T08:13:00,77,173,0,250
2025-02-26T08:44:50,78,172,0,250
2025-02-26T09:16:32,78,172,0,250
2025-02-26T09:48:26,77,173,0,250
2025-02-26T10:20:09,77,173,0,250
2025-02-26T10:52:00,77,173,0,250
2025-02-26T11:23:44,77,173,0,250
2025-02-26T11:55:34,78,172,0,250
2025-02-26T12:27:30,78,172,0,250
2025-02-26T12:59:25,78,172,0,250
2025-02-26T13:31:09,78,172,0,250
2025-02-26T14:03:01,78,172,0,250
2025-02-26T14:34:55,79,171,0,250
2025-02-26T15:06:50,79,171,0,250
2025-02-26T15:38:39,81,169,0,250
2025-02-26T16:10:37,81,169,0,250
2025-02-26T16:42:37,81,169,0,250
2025-02-26T17:14:22,81,169,0,250
2025-02-26T17:46:19,81,169,0,250
2025-02-26T18:18:17,81,169,0,250
2025-02-26T18:50:00,81,169,0,250
2025-02-26T19:21:52,82,168,0,250
2025-02-26T19:53:45,83,167,0,250
2025-02-26T20:25:27,85,165,0,250
2025-02-26T20:57:19,85,165,0,250
2025-02-26T21:29:05,85,165,0,250
2025-02-26T22:00:58,86,164,0,250
2025-02-26T22:32:40,86,164,0,250
2025-02-26T23:04:22,86,164,0,250
2025-02-26T23:36:16,87,163,0,250
2025-02-27T00:07:59,87,163,0,250
2025-02-27T00:39:45,87,163,0,250
2025-02-27T01:11:42,87,163,0,250
2025-02-27T01:43:27,87,163,0,250
2025-02-27T02:15:15,87,163,0,250
2025-02-27T02:46:57,87,163,0,250
2025-02-27T03:18:41,87,163,0,250
2025-02-27T03:50:36,87,163,0,250
2025-02-27T04:27:05,87,163,0,250
2025-02-27T04:58:53,87,163,0,250
2025-02-27T05:32:29,87,163,0,250
2025-02-27T06:04:15,87,163,0,250
2025-02-27T06:36:04,87,163,0,250
2025-02-27T07:07:50,87,163,0,250
2025-02-27T07:39:43,87,163,0,250
2025-02-27T08:11:29,87,163,0,250
2025-02-27T08:43:12,87,163,0,250
2025-02-27T09:14:54,87,163,0,250
2025-02-27T09:46:50,89,161,0,250
2025-02-27T10:18:45,89,161,0,250
2025-02-27T10:50:30,90,160,0,250
2025-02-27T11:22:28,90,160,0,250
2025-02-27T11:54:22,93,157,0,250
2025-02-27T12:26:17,95,155,0,250
2025-02-27T12:58:16,95,155,0,250
2025-02-27T13:30:00,95,155,0,250
2025-02-27T14:01:57,95,155,0,250
2025-02-27T14:33:58,95,155,0,250
2025-02-27T15:05:59,97,153,0,250
2025-02-27T15:38:00,98,152,0,250
2025-02-27T16:09:51,98,152,0,250
2025-02-27T16:41:55,99,151,0,250
2025-02-27T17:13:56,101,149,0,250
2025-02-27T17:45:46,101,149,0,250
2025-02-27T18:17:46,101,149,0,250
2025-02-27T18:49:45,102,148,0,250
2025-02-27T19:21:33,103,147,0,250
2025-02-27T19:53:31,105,145,0,250
2025-02-27T20:25:29,107,143,0,250
2025-02-27T20:57:18,108,142,0,250
2025-02-27T21:29:17,108,142,0,250
2025-02-27T22:01:05,108,142,0,250
2025-02-27T22:33:05,108,142,0,250
2025-02-27T23:04:53,108,142,0,250
2025-02-27T23:36:44,108,142,0,250
2025-02-28T00:08:42,108,142,0,250
2025-02-28T00:40:34,108,142,0,250
2025-02-28T01:12:27,109,141,0,250
2025-02-28T01:44:20,109,141,0,250
2025-02-28T02:16:23,109,141,0,250
2025-02-28T02:48:13,109,141,0,250
2025-02-28T03:20:03,109,141,0,250
2025-02-28T03:51:52,109,141,0,250
2025-02-28T04:30:10,109,141,0,250
2025-02-28T05:02:29,109,141,0,250
2025-02-28T05:34:24,109,141,0,250
2025-02-28T06:06:18,109,141,0,250
2025-02-28T06:38:12,109,141,0,250
2025-02-28T07:10:03,109,141,0,250
2025-02-28T07:41:53,109,141,0,250
2025-02-28T08:13:55,109,141,0,250
2025-02-28T08:45:46,109,141,0,250
2025-02-28T09:17:36,110,140,0,250
2025-02-28T09:49:36,111,139,0,250
2025-02-28T10:21:29,114,136,0,250
2025-02-28T10:53:30,116,134,0,250
2025-02-28T11:25:32,118,132,0,250
2025-02-28T11:57:34,120,130,0,250
2025-02-28T12:29:27,124,126,0,250
2025-02-28T13:01:30,127,123,0,250
2025-02-28T13:33:32,134,116,0,250
2025-02-28T14:05:35,139,111,0,250
2025-02-28T14:37:38,146,104,0,250
2025-02-28T15:09:32,154,96,0,250
2025-02-28T15:41:36,158,92,0,250
2025-02-28T16:10:58,160,90,0,250
2025-02-28T16:43:23,169,81,0,250
2025-02-28T17:15:27,174,76,1,250
2025-02-28T17:47:16,179,71,1,250
2025-02-28T18:19:18,184,66,2,250
2025-02-28T18:51:07,189,61,3,250
2025-02-28T19:23:05,196,54,2,250
2025-02-28T19:54:54,196,54,2,250
2025-02-28T20:26:51,196,54,2,250
2025-02-28T20:58:40,196,54,2,250
2025-02-28T21:30:31,196,54,2,250
2025-02-28T22:02:28,197,53,2,250
2025-02-28T22:34:17,197,53,2,250
2025-02-28T23:06:14,197,53,2,250
2025-02-28T23:38:05,197,53,2,250
2025-03-01T00:09:57,197,53,2,250
2025-03-01T00:42:07,197,53,2,250
2025-03-01T01:14:03,197,53,2,250
2025-03-01T01:45:57,197,53,2,250
2025-03-01T02:17:49,197,53,2,250
2025-03-01T02:49:39,197,53,2,250
2025-03-01T03:21:28,197,53,2,250
2025-03-01T03:53:33,197,53,2,250
2025-03-01T04:30:12,197,53,2,250
2025-03-01T05:02:32,197,53,2,250
2025-03-01T05:34:27,197,53,2,250
2025-03-01T06:06:21,197,53,2,250
2025-03-01T06:38:16,197,53,2,250
2025-03-01T07:10:10,197,53,2,250
2025-03-01T07:42:07,197,53,2,250
2025-03-01T08:14:11,197,53,2,250
2025-03-01T08:46:04,198,52,2,250
2025-03-01T09:17:54,198,52,2,250
2025-03-01T09:49:44,198,52,2,250
2025-03-01T10:21:42,198,52,2,250
2025-03-01T10:53:32,198,52,2,250
2025-03-01T11:25:32,198,52,2,250
2025-03-01T11:57:22,198,52,2,250
2025-03-01T12:29:11,198,52,2,250
2025-03-01T13:01:09,198,52,2,250
2025-03-01T13:32:58,198,52,2,250
2025-03-01T14:04:47,198,52,2,250
2025-03-01T14:36:45,198,52,2,250
2025-03-01T15:08:34,198,52,2,250
2025-03-01T15:40:23,198,52,2,250
2025-03-01T16:12:21,198,52,2,250
2025-03-01T16:44:09,198,52,2,250
2025-03-01T17:16:07,198,52,2,250
2025-03-01T17:47:58,198,52,2,250
2025-03-01T18:19:46,198,52,2,250
2025-03-01T18:51:35,198,52,2,250
2025-03-01T19:23:33,198,52,2,250
2025-03-01T19:55:21,198,52,2,250
2025-03-01T20:27:09,198,52,2,250
2025-03-01T20:58:58,198,52,2,250
2025-03-01T21:30:54,198,52,2,250
2025-03-01T22:02:45,198,52,2,250
2025-03-01T22:34:34,198,52,2,250
2025-03-01T23:06:24,198,52,2,250
2025-03-01T23:38:15,198,52,2,250
2025-03-02T00:10:13,198,52,2,250
2025-03-02T00:42:07,198,52,2,250
2025-03-02T01:14:01,198,52,2,250
2025-03-02T01:45:53,198,52,2,250
2025-03-02T02:17:51,198,52,2,250
2025-03-02T02:49:43,199,51,2,250
2025-03-02T03:21:36,199,51,2,250
2025-03-02T03:53:28,199,51,2,250
2025-03-02T04:27:06,199,51,2,250
2025-03-02T04:59:26,199,51,2,250
2025-03-02T05:31:22,199,51,2,250
2025-03-02T06:03:16,199,51,2,250
2025-03-02T06:35:12,199,51,2,250
2025-03-02T07:07:05,199,51,2,250
2025-03-02T07:38:58,199,51,2,250
2025-03-02T08:10:49,199,51,2,250
2025-03-02T08:42:50,200,50,2,250
2025-03-02T09:14:42,200,50,2,250
2025-03-02T09:46:35,200,50,2,250
2025-03-02T10:18:28,200,50,2,250
2025-03-02T10:50:21,200,50,2,250
2025-03-02T11:22:22,200,50,2,250
2025-03-02T11:54:13,200,50,2,250
2025-03-02T12:26:03,200,50,2,250
2025-03-02T12:57:53,200,50,2,250
2025-03-02T13:29:51,200,50,2,250
2025-03-02T14:01:41,200,50,2,250
2025-03-02T14:33:31,199,51,2,250
2025-03-02T15:05:22,199,51,2,250
2025-03-02T15:37:21,199,51,2,250
2025-03-02T16:09:12,199,51,2,250
2025-03-02T16:41:00,199,51,2,250
2025-03-02T17:13:01,199,51,2,250
2025-03-02T17:44:51,199,51,2,250
2025-03-02T18:16:40,199,51,2,250
2025-03-02T18:48:30,199,51,2,250
2025-03-02T19:20:26,199,51,2,250
2025-03-02T19:52:15,199,51,2,250
2025-03-02T20:24:04,199,51,2,250
2025-03-02T20:56:02,199,51,2,250
2025-03-02T21:27:57,199,51,2,250
2025-03-02T21:59:49,199,51,2,250
2025-03-02T22:31:48,199,51,2,250
2025-03-02T23:03:37,199,51,2,250
2025-03-02T23:35:27,199,51,2,250
2025-03-03T00:07:16,199,51,2,250
2025-03-03T00:39:20,199,51,2,250
2025-03-03T01:11:11,199,51,2,250
2025-03-03T01:43:01,199,51,2,250
2025-03-03T02:14:53,199,51,2,250
2025-03-03T02:46:48,199,51,2,250
2025-03-03T03:18:43,199,51,2,250
2025-03-03T03:50:44,199,51,2,250
2025-03-03T04:31:08,199,51,2,250
2025-03-03T05:03:25,199,51,2,250
2025-03-03T05:35:24,199,51,2,250
2025-03-03T06:07:20,199,51,2,250
2025-03-03T06:39:14,199,51,2,250
2025-03-03T07:11:15,199,51,2,250
2025-03-03T07:43:05,199,51,2,250
2025-03-03T08:15:06,199,51,2,250
2025-03-03T08:46:56,199,51,2,250
2025-03-03T09:18:48,199,51,2,250
2025-03-03T09:50:38,200,50,2,250
2025-03-03T10:22:38,200,50,2,250
2025-03-03T10:54:28,200,50,2,250
2025-03-03T11:26:28,200,50,3,250
2025-03-03T11:58:32,200,50,3,250
2025-03-03T12:30:29,200,50,3,250
2025-03-03T13:02:35,200,50,3,250
2025-03-03T13:34:25,200,50,3,250
2025-03-03T14:06:26,200,50,3,250
2025-03-03T14:38:31,201,49,3,250
2025-03-03T15:10:23,201,49,3,250
2025-03-03T15:42:26,201,49,3,250
2025-03-03T16:14:17,200,50,3,250
2025-03-03T16:46:16,200,50,3,250
2025-03-03T17:18:09,200,50,3,250
2025-03-03T17:50:09,201,49,3,250
2025-03-03T18:21:59,201,49,3,250
2025-03-03T18:53:49,202,48,3,250
2025-03-03T19:25:50,202,48,3,250
2025-03-03T19:57:40,202,48,3,250
2025-03-03T20:29:30,202,48,3,250
2025-03-03T21:01:30,202,48,3,250
2025-03-03T21:33:21,202,48,3,250
2025-03-03T22:05:11,202,48,3,250
2025-03-03T22:37:14,202,48,3,250
2025-03-03T23:09:04,202,48,3,250
2025-03-03T23:40:55,202,48,3,250
2025-03-04T00:12:56,202,48,3,250
2025-03-04T00:44:51,202,48,3,250
2025-03-04T01:16:46,202,48,3,250
2025-03-04T01:48:42,202,48,3,250
2025-03-04T02:20:38,202,48,3,250
2025-03-04T02:52:29,202,48,3,250
2025-03-04T03:24:32,202,48,3,250
2025-03-04T03:56:23,202,48,3,250
2025-03-04T04:25:13,202,48,3,250
2025-03-04T04:57:30,202,48,3,250
2025-03-04T05:29:26,202,48,3,250
2025-03-04T06:01:21,202,48,3,250
2025-03-04T06:33:15,202,48,3,250
2025-03-04T07:05:10,202,48,3,250
2025-03-04T07:37:04,202,48,3,250
2025-03-04T08:08:55,202,48,3,250
2025-03-04T08:40:57,202,48,3,250
2025-03-04T09:12:49,205,45,3,250
2025-03-04T09:44:40,205,45,3,250
2025-03-04T10:16:49,205,45,3,250
2025-03-04T10:48:43,206,44,3,250
2025-03-04T11:20:50,206,44,3,250
2025-03-04T11:52:46,206,44,3,250
2025-03-04T12:24:54,205,45,3,250
2025-03-04T12:56:47,205,45,3,250
2025-03-04T13:28:52,204,46,3,250
2025-03-04T14:00:56,204,46,3,250
2025-03-04T14:32:50,205,45,3,250
2025-03-04T15:04:55,205,45,3,250
2025-03-04T15:36:49,205,45,3,250
2025-03-04T16:08:52,205,45,3,250
2025-03-04T16:40:44,205,45,3,250
2025-03-04T17:12:48,205,45,3,250
2025-03-04T17:44:41,206,44,3,250
2025-03-04T18:16:44,206,44,3,250
2025-03-04T18:48:36,206,44,3,250
2025-03-04T19:20:37,206,44,3,250
2025-03-04T19:52:29,206,44,3,250
2025-03-04T20:24:20,205,45,3,250
2025-03-04T20:56:22,205,45,3,250
2025-03-04T21:28:17,205,45,3,250
2025-03-04T22:00:12,205,45,3,250
2025-03-04T22:32:15,206,44,2,250
2025-03-04T23:04:07,206,44,2,250
2025-03-04T23:36:00,206,44,2,250
2025-03-05T00:07:53,206,44,2,250
2025-03-05T00:39:59,206,44,2,250
2025-03-05T01:11:56,206,44,2,250
2025-03-05T01:43:53,206,44,2,250
2025-03-05T02:15:56,206,44,2,250
2025-03-05T02:47:52,206,44,2,250
2025-03-05T03:19:47,206,44,2,250
2025-03-05T03:51:42,206,44,2,250
2025-03-05T04:26:28,206,44,2,250
2025-03-05T04:58:50,206,44,2,250
2025-03-05T05:30:54,206,44,2,250
2025-03-05T06:02:55,206,44,2,250
2025-03-05T06:34:51,206,44,2,250
2025-03-05T07:06:47,206,44,2,250
2025-03-05T07:38:42,206,44,2,250
2025-03-05T08:10:45,206,44,2,250
2025-03-05T08:42:39,206,44,2,250
2025-03-05T09:14:33,206,44,2,250
2025-03-05T09:46:26,206,44,2,250
2025-03-05T10:18:30,207,43,2,250
2025-03-05T10:50:26,208,42,2,250
2025-03-05T11:22:32,208,42,2,250
2025-03-05T11:54:37,208,42,2,250
2025-03-05T12:26:32,209,41,2,250
2025-03-05T12:58:36,209,41,2,250
2025-03-05T13:30:30,209,41,2,250
2025-03-05T14:02:24,210,40,2,250
2025-03-05T14:34:35,210,40,2,250
2025-03-05T15:06:43,210,40,2,250
2025-03-05T15:38:38,210,40,2,250
2025-03-05T16:10:44,210,40,2,250
2025-03-05T16:42:42,212,38,2,250
2025-03-05T17:14:49,212,38,2,250
2025-03-05T17:46:45,212,38,2,250
2025-03-05T18:18:40,212,38,2,250
2025-03-05T18:50:45,212,38,2,250
2025-03-05T19:22:40,212,38,2,250
2025-03-05T19:54:35,212,38,2,250
2025-03-05T20:26:47,212,38,2,250
2025-03-05T20:58:42,212,38,2,250
2025-03-05T21:30:36,212,38,2,250
2025-03-05T22:02:41,212,38,2,250
2025-03-05T22:34:36,212,38,2,250
2025-03-05T23:06:32,212,38,2,250
2025-03-05T23:38:28,212,38,2,250
2025-03-06T00:10:23,212,38,2,250
2025-03-06T00:42:31,212,38,2,250
2025-03-06T01:14:33,212,38,2,250
2025-03-06T01:46:31,212,38,2,250
2025-03-06T02:18:30,212,38,2,250
2025-03-06T02:50:26,212,38,2,250
2025-03-06T03:22:23,212,38,2,250
2025-03-06T03:54:20,212,38,2,250
2025-03-06T04:26:58,212,38,2,250
2025-03-06T04:59:19,212,38,2,250
2025-03-06T05:31:26,212,38,2,250
2025-03-06T06:03:27,212,38,2,250
2025-03-06T06:35:31,212,38,2,250
2025-03-06T07:07:31,212,38,2,250
2025-03-06T07:39:31,212,38,2,250
2025-03-06T08:11:37,212,38,2,250
2025-03-06T08:43:35,213,37,2,250
2025-03-06T09:15:32,213,37,2,250
2025-03-06T09:47:30,213,37,2,250
2025-03-06T10:19:39,213,37,2,250
2025-03-06T10:51:36,213,37,2,250
2025-03-06T11:23:34,213,37,2,250
2025-03-06T11:55:45,211,39,2,250
2025-03-06T12:27:40,211,39,2,250
2025-03-06T12:59:47,211,39,2,250
2025-03-06T13:31:44,212,38,2,250
2025-03-06T14:03:51,212,38,2,250
2025-03-06T14:36:05,212,38,2,250
2025-03-06T15:08:16,212,38,2,250
2025-03-06T15:40:29,212,38,2,250
2025-03-06T16:12:41,212,38,2,250
2025-03-06T16:45:04,212,38,2,250
2025-03-06T17:17:17,212,38,2,250
2025-03-06T17:49:39,212,38,2,250
2025-03-06T18:21:57,212,38,2,250
2025-03-06T18:54:10,212,38,2,250
2025-03-06T19:26:31,212,38,2,250
2025-03-06T19:58:44,212,38,2,250
2025-03-06T20:30:57,212,38,2,250
2025-03-06T21:03:10,212,38,2,250
2025-03-06T21:35:34,212,38,2,250
2025-03-06T22:07:47,212,38,2,250
2025-03-06T22:40:01,212,38,2,250
2025-03-06T23:12:27,212,38,2,250
2025-03-06T23:44:41,212,38,2,250
2025-03-07T00:16:56,212,38,2,250
2025-03-07T00:49:15,212,38,2,250
2025-03-07T01:21:35,212,38,2,250
2025-03-07T01:54:03,212,38,2,250
2025-03-07T02:26:20,212,38,2,250
2025-03-07T02:58:40,212,38,2,250
2025-03-07T03:30:59,212,38,2,250
2025-03-07T04:03:18,212,38,2,250
2025-03-07T04:23:15,212,38,2,250
2025-03-07T04:55:52,212,38,2,250
2025-03-07T05:28:12,212,38,2,250
2025-03-07T06:00:36,212,38,2,250
2025-03-07T06:33:04,212,38,2,250
2025-03-07T07:05:29,212,38,2,250
2025-03-07T07:37:45,212,38,2,250
2025-03-07T08:09:59,212,38,2,250
2025-03-07T08:42:21,212,38,2,250
2025-03-07T09:14:34,212,38,2,250
2025-03-07T09:46:47,212,38,2,250
2025-03-07T10:19:03,212,38,2,250
2025-03-07T10:51:32,212,38,2,250
2025-03-07T11:23:49,211,39,2,250
2025-03-07T11:56:12,211,39,2,250
2025-03-07T12:28:26,211,39,2,250
2025-03-07T13:00:41,212,38,2,250
2025-03-07T13:33:04,212,38,2,250
2025-03-07T14:05:18,212,38,2,250
2025-03-07T14:37:47,212,38,2,250
2025-03-07T15:10:03,212,38,2,250
2025-03-07T15:42:19,213,37,2,250
2025-03-07T16:14:46,213,37,2,250
2025-03-07T16:47:04,213,37,2,250
2025-03-07T17:19:20,213,37,2,250
2025-03-07T17:51:48,213,37,2,250
2025-03-07T18:24:03,213,37,2,250
2025-03-07T18:56:17,213,37,2,250
2025-03-07T19:28:41,213,37,2,250
2025-03-07T20:00:56,213,37,2,250
2025-03-07T20:33:11,213,37,2,250
2025-03-07T21:05:26,213,37,2,250
2025-03-07T21:37:40,213,37,2,250
2025-03-07T22:10:05,213,37,2,250
2025-03-07T22:42:21,213,37,2,250
2025-03-07T23:14:40,213,37,2,250
2025-03-07T23:46:56,213,37,2,250
2025-03-08T00:19:31,213,37,2,250
2025-03-08T00:51:52,213,37,2,250
2025-03-08T01:24:12,213,37,2,250
2025-03-08T01:56:29,213,37,2,250
2025-03-08T02:28:45,213,37,2,250
2025-03-08T03:01:01,213,37,2,250
2025-03-08T03:33:18,213,37,2,250
2025-03-08T04:05:48,213,37,2,250
2025-03-08T04:27:12,213,37,2,250
2025-03-08T04:59:56,213,37,2,250
2025-03-08T05:32:16,213,37,2,250
2025-03-08T06:04:37,213,37,2,250
2025-03-08T06:36:55,213,37,2,250
2025-03-08T07:09:13,213,37,2,250
2025-03-08T07:41:35,213,37,2,250
2025-03-08T08:14:03,213,37,2,250
2025-03-08T08:46:23,213,37,2,250
2025-03-08T09:18:43,213,37,2,250
2025-03-08T09:51:00,213,37,2,250
2025-03-08T10:23:15,213,37,2,250
2025-03-08T10:55:30,213,37,2,250
2025-03-08T11:27:58,213,37,2,250
2025-03-08T12:00:14,213,37,2,250
2025-03-08T12:32:30,213,37,2,250
2025-03-08T13:04:44,213,37,2,250
2025-03-08T13:37:00,213,37,2,250
2025-03-08T14:09:15,213,37,2,250
2025-03-08T14:41:40,213,37,2,250
2025-03-08T15:13:55,213,37,2,250
2025-03-08T15:46:10,213,37,2,250
2025-03-08T16:18:25,214,36,2,250
2025-03-08T16:50:50,214,36,2,250
2025-03-08T17:23:05,213,37,2,250
2025-03-08T17:55:22,213,37,2,250
2025-03-08T18:27:37,213,37,2,250
2025-03-08T18:59:52,213,37,2,250
2025-03-08T19:32:18,213,37,2,250
2025-03-08T20:04:33,213,37,2,250
2025-03-08T20:36:48,213,37,2,250
2025-03-08T21:09:03,213,37,2,250
2025-03-08T21:41:27,213,37,2,250
2025-03-08T22:13:43,213,37,2,250
2025-03-08T22:45:59,213,37,2,250
2025-03-08T23:18:17,213,37,2,250
2025-03-08T23:50:33,213,37,2,250
2025-03-09T00:22:52,213,37,2,250
2025-03-09T00:55:18,213,37,2,250
2025-03-09T01:27:34,213,37,2,250
2025-03-09T01:59:50,213,37,2,250
2025-03-09T03:32:05,213,37,2,250
2025-03-09T04:06:29,213,37,2,250
2025-03-09T04:29:41,213,37,2,250
2025-03-09T05:02:45,213,37,2,250
2025-03-09T05:35:07,213,37,2,250
2025-03-09T06:07:29,213,37,2,250
2025-03-09T06:39:52,213,37,2,250
2025-03-09T07:12:14,213,37,2,250
2025-03-09T07:44:35,213,37,2,250
2025-03-09T08:16:55,213,37,2,250
2025-03-09T08:49:14,213,37,2,250
2025-03-09T09:21:33,213,37,2,250
2025-03-09T09:54:00,213,37,2,250
2025-03-09T10:26:22,213,37,2,250
2025-03-09T10:58:42,213,37,2,250
2025-03-09T11:31:01,213,37,2,250
2025-03-09T12:03:18,213,37,2,250
2025-03-09T12:35:45,213,37,2,250
2025-03-09T13:08:00,213,37,2,250
2025-03-09T13:40:16,213,37,2,250
2025-03-09T14:12:31,213,37,2,250
2025-03-09T14:44:46,213,37,2,250
2025-03-09T15:17:10,214,36,2,250
2025-03-09T15:49:25,214,36,2,250
2025-03-09T16:21:40,214,36,2,250
2025-03-09T16:53:55,214,36,2,250
2025-03-09T17:26:21,214,36,2,250
2025-03-09T17:58:36,214,36,2,250
2025-03-09T18:30:57,214,36,2,250
2025-03-09T19:03:15,214,36,2,250
2025-03-09T19:35:42,214,36,2,250
2025-03-09T20:08:00,214,36,2,250
2025-03-09T20:40:15,214,36,2,250
2025-03-09T21:12:31,214,36,2,250
2025-03-09T21:44:56,214,36,2,250
2025-03-09T22:17:13,214,36,2,250
2025-03-09T22:49:39,214,36,2,250
2025-03-09T23:21:57,214,36,2,250
2025-03-09T23:54:23,214,36,2,250
2025-03-10T00:26:40,214,36,2,250
2025-03-10T00:58:59,214,36,2,250
2025-03-10T01:31:19,214,36,2,250
2025-03-10T02:03:47,214,36,2,250
2025-03-10T02:36:06,214,36,2,250
2025-03-10T03:08:24,214,36,2,250
2025-03-10T03:40:42,214,36,2,250
2025-03-10T04:13:04,214,36,2,250
2025-03-10T04:30:52,214,36,2,250
2025-03-10T05:04:57,214,36,2,250
2025-03-10T05:37:19,214,36,2,250
2025-03-10T06:09:41,214,36,2,250
2025-03-10T06:42:10,214,36,2,250
2025-03-10T07:14:28,214,36,2,250
2025-03-10T07:46:44,214,36,2,250
2025-03-10T08:19:00,214,36,2,250
2025-03-10T08:51:27,214,36,2,250
2025-03-10T09:24:03,214,36,2,250
2025-03-10T09:56:19,214,36,2,250
2025-03-10T10:28:38,214,36,2,250
2025-03-10T11:01:11,214,36,2,250
2025-03-10T11:33:30,214,36,2,250
2025-03-10T12:05:59,216,34,2,250
2025-03-10T12:38:19,216,34,2,250
2025-03-10T13:10:45,216,34,2,250
2025-03-10T13:43:03,216,34,2,250
2025-03-10T14:15:32,216,34,2,250
2025-03-10T14:47:50,216,34,2,250
2025-03-10T15:20:19,216,34,2,250
2025-03-10T15:52:37,216,34,2,250
2025-03-10T16:25:05,215,35,2,250
2025-03-10T16:57:22,215,35,2,250
2025-03-10T17:29:39,215,35,2,250
2025-03-10T18:02:07,215,35,2,250
2025-03-10T18:34:24,215,35,2,250
2025-03-10T19:06:51,215,35,2,250
2025-03-10T19:39:09,215,35,2,250
2025-03-10T20:11:25,215,35,2,250
2025-03-10T20:43:51,215,35,2,250
2025-03-10T21:16:08,215,35,2,250
2025-03-10T21:48:24,215,35,2,250
2025-03-10T22:20:41,215,35,2,250
2025-03-10T22:53:12,215,35,2,250
2025-03-10T23:25:32,215,35,2,250
2025-03-10T23:58:02,215,35,2,250
2025-03-11T00:30:28,215,35,2,250
2025-03-11T01:02:51,215,35,2,250
2025-03-11T01:35:11,215,35,2,250
2025-03-11T02:07:31,215,35,2,250
2025-03-11T02:39:51,215,35,2,250
2025-03-11T03:12:20,215,35,2,250
2025-03-11T03:44:39,215,35,2,250
2025-03-11T04:23:46,215,35,2,250
2025-03-11T04:57:38,215,35,2,250
2025-03-11T05:30:02,215,35,2,250
2025-03-11T06:02:26,215,35,2,250
2025-03-11T06:34:48,215,35,2,250
2025-03-11T07:07:10,215,35,2,250
2025-03-11T07:39:31,215,35,2,250
2025-03-11T08:11:55,214,36,2,250
2025-03-11T08:44:21,214,36,2,250
2025-03-11T09:16:38,214,36,2,250
2025-03-11T09:48:57,214,36,2,250
2025-03-11T10:21:14,214,36,2,250
2025-03-11T10:53:43,214,36,2,250
2025-03-11T11:26:01,214,36,2,250
2025-03-11T11:58:20,214,36,2,250
2025-03-11T12:30:48,215,35,2,250
2025-03-11T13:03:07,215,35,2,250
2025-03-11T13:35:36,215,35,2,250
2025-03-11T14:07:56,215,35,2,250
2025-03-11T14:40:23,215,35,2,250
2025-03-11T15:12:42,215,35,2,250
2025-03-11T15:45:11,215,35,2,250
2025-03-11T16:17:30,215,35,2,250
2025-03-11T16:49:59,215,35,2,250
2025-03-11T17:22:18,215,35,2,250
2025-03-11T17:54:36,216,34,2,250
2025-03-11T18:27:04,216,34,2,250
2025-03-11T18:59:22,216,34,2,250
2025-03-11T19:31:40,216,34,2,250
2025-03-11T20:04:08,216,34,2,250
2025-03-11T20:36:26,216,34,2,250
2025-03-11T21:08:44,216,34,2,250
2025-03-11T21:41:02,216,34,2,250
2025-03-11T22:13:29,216,34,2,250
2025-03-11T22:45:47,216,34,2,250
2025-03-11T23:18:10,216,34,2,250
2025-03-11T23:51:29,216,34,2,250
2025-03-12T00:23:51,216,34,2,250
2025-03-12T00:56:16,216,34,2,250
2025-03-12T01:28:40,216,34,2,250
2025-03-12T02:01:15,216,34,2,250
2025-03-12T02:33:35,216,34,2,250
2025-03-12T03:05:57,216,34,2,250
2025-03-12T03:38:19,216,34,2,250
2025-03-12T04:23:03,216,34,2,250
2025-03-12T04:57:04,216,34,2,250
2025-03-12T05:29:28,216,34,2,250
2025-03-12T06:01:51,216,34,2,250
2025-03-12T06:34:15,216,34,2,250
2025-03-12T07:06:38,216,34,2,250
2025-03-12T07:38:59,216,34,2,250
2025-03-12T08:11:18,216,34,2,250
2025-03-12T08:43:39,216,34,2,250
2025-03-12T09:16:06,216,34,2,250
2025-03-12T09:48:24,215,35,2,250
2025-03-12T10:20:42,215,35,2,250
2025-03-12T10:52:59,216,34,2,250
2025-03-12T11:25:30,216,34,2,250
2025-03-12T11:57:50,216,34,2,250
2025-03-12T12:30:19,216,34,2,250
2025-03-12T13:02:39,216,34,2,250
2025-03-12T13:35:10,217,33,2,250
2025-03-12T14:07:35,217,33,2,250
2025-03-12T14:39:56,217,33,2,250
2025-03-12T15:12:27,216,34,2,250
2025-03-12T15:44:48,216,34,2,250
2025-03-12T16:17:18,216,34,2,250
2025-03-12T16:49:38,216,34,2,250
2025-03-12T17:22:10,216,34,3,250
2025-03-12T17:54:29,217,33,3,250
2025-03-12T18:26:50,217,33,3,250
2025-03-12T18:59:23,217,33,3,250
2025-03-12T19:31:43,217,33,3,250
2025-03-12T20:04:03,217,33,3,250
2025-03-12T20:36:22,217,33,3,250
2025-03-12T21:08:51,217,33,3,250
2025-03-12T21:41:10,217,33,3,250
2025-03-12T22:13:30,217,33,3,250
2025-03-12T22:45:50,218,32,2,250
2025-03-12T23:18:26,218,32,2,250
2025-03-12T23:50:46,218,32,2,250
2025-03-13T00:23:09,218,32,2,250
2025-03-13T00:55:35,218,32,2,250
2025-03-13T01:28:11,218,32,2,250
2025-03-13T02:00:34,218,32,2,250
2025-03-13T02:32:56,218,32,2,250
2025-03-13T03:05:16,218,32,2,250
2025-03-13T03:37:40,218,32,2,250
2025-03-13T04:10:04,218,32,2,250
2025-03-13T04:30:49,218,32,2,250
2025-03-13T05:04:59,218,32,2,250
2025-03-13T05:37:25,218,32,2,250
2025-03-13T06:09:51,218,32,2,250
2025-03-13T06:42:18,218,32,2,250
2025-03-13T07:14:41,218,32,2,250
2025-03-13T07:47:03,218,32,2,250
2025-03-13T08:19:24,218,32,2,250
2025-03-13T08:51:47,218,32,2,250
2025-03-13T09:24:16,218,32,2,250
2025-03-13T09:56:35,218,32,2,250
2025-03-13T10:28:55,218,32,2,250
2025-03-13T11:01:15,218,32,2,250
2025-03-13T11:33:47,217,33,2,250
2025-03-13T12:06:09,217,33,2,250
2025-03-13T12:38:30,217,33,2,250
2025-03-13T13:11:00,217,33,2,250
2025-03-13T13:43:21,218,32,2,250
2025-03-13T14:15:54,218,32,2,250
2025-03-13T14:48:14,217,33,2,250
2025-03-13T15:20:46,217,33,2,250
2025-03-13T15:53:06,217,33,2,250
2025-03-13T16:25:35,217,33,2,250
2025-03-13T16:57:56,217,33,3,250
2025-03-13T17:30:18,217,33,3,250
2025-03-13T18:02:49,217,33,3,250
2025-03-13T18:35:10,217,33,3,250
2025-03-13T19:07:30,217,33,3,250
2025-03-13T19:40:01,217,33,3,250
2025-03-13T20:12:21,218,32,3,250
2025-03-13T20:44:41,218,32,3,250
2025-03-13T21:17:11,218,32,3,250
2025-03-13T21:49:31,218,32,3,250
2025-03-13T22:21:51,218,32,3,250
2025-03-13T22:54:12,218,32,3,250
2025-03-13T23:26:42,218,32,3,250
2025-03-13T23:59:03,218,32,3,250
2025-03-14T00:31:29,218,32,3,250
2025-03-14T01:03:56,218,32,3,250
2025-03-14T01:36:31,218,32,3,250
2025-03-14T02:08:55,218,32,3,250
2025-03-14T02:41:23,218,32,3,250
2025-03-14T03:13:47,218,32,3,250
2025-03-14T03:46:11,218,32,3,250
2025-03-14T04:31:33,218,32,3,250
2025-03-14T05:04:15,218,32,3,250
2025-03-14T05:36:44,218,32,3,250
2025-03-14T06:09:11,218,32,3,250
2025-03-14T06:41:36,218,32,3,250
2025-03-14T07:14:01,218,32,3,250
2025-03-14T07:46:21,218,32,3,250
2025-03-14T08:18:41,218,32,3,250
2025-03-14T08:51:02,218,32,3,250
2025-03-14T09:23:32,218,32,3,250
2025-03-14T09:55:53,218,32,3,250
2025-03-14T10:28:13,219,31,3,250
2025-03-14T11:00:47,219,31,3,250
2025-03-14T11:33:07,219,31,3,250
2025-03-14T12:05:26,219,31,3,250
2025-03-14T12:37:57,218,32,3,250
2025-03-14T13:10:18,218,32,3,250
2025-03-14T13:42:52,218,32,3,250
2025-03-14T14:15:12,218,32,3,250
2025-03-14T14:47:44,218,32,3,250
2025-03-14T15:20:05,218,32,3,250
2025-03-14T15:52:38,218,32,3,250
2025-03-14T16:25:01,218,32,3,250
2025-03-14T16:57:23,218,32,3,250
2025-03-14T17:29:55,218,32,3,250
2025-03-14T18:02:17,218,32,3,250
2025-03-14T18:34:49,218,32,3,250
2025-03-14T19:07:11,218,32,3,250
2025-03-14T19:39:32,218,32,3,250
2025-03-14T20:12:03,218,32,3,250
2025-03-14T20:44:26,218,32,3,250
2025-03-14T21:16:48,218,32,3,250
2025-03-14T21:49:19,218,32,3,250
2025-03-14T22:21:40,218,32,3,250
2025-03-14T22:54:04,218,32,3,250
2025-03-14T23:26:28,218,32,3,250
2025-03-14T23:59:03,218,32,3,250
2025-03-15T00:31:28,218,32,3,250
2025-03-15T01:03:54,218,32,3,250
2025-03-15T01:36:20,218,32,3,250
2025-03-15T02:08:55,218,32,3,250
2025-03-15T02:41:17,218,32,3,250
2025-03-15T03:13:39,218,32,3,250
2025-03-15T03:46:02,218,32,3,250
2025-03-15T04:35:17,218,32,3,250
2025-03-15T05:09:07,218,32,3,250
2025-03-15T05:41:35,218,32,3,250
2025-03-15T06:14:00,218,32,3,250
2025-03-15T06:46:28,218,32,3,250
2025-03-15T07:19:01,218,32,3,250
2025-03-15T07:51:27,218,32,3,250
2025-03-15T08:23:54,218,32,3,250
2025-03-15T08:56:21,218,32,3,250
2025-03-15T09:28:47,218,32,3,250
2025-03-15T10:01:27,218,32,3,250
2025-03-15T10:33:50,218,32,3,250
2025-03-15T11:06:12,218,32,3,250
2025-03-15T11:38:34,218,32,3,250
2025-03-15T12:11:08,218,32,3,250
2025-03-15T12:43:31,218,32,3,250
2025-03-15T13:15:52,218,32,3,250
2025-03-15T13:48:14,218,32,3,250
2025-03-15T14:20:54,218,32,3,250
2025-03-15T14:53:16,218,32,3,250
2025-03-15T15:25:41,218,32,3,250
2025-03-15T15:58:12,218,32,3,250
2025-03-15T16:30:33,218,32,3,250
2025-03-15T17:02:55,218,32,3,250
2025-03-15T17:35:26,218,32,3,250
2025-03-15T18:07:48,218,32,3,250
2025-03-15T18:40:09,218,32,3,250
2025-03-15T19:12:48,218,32,3,250
2025-03-15T19:45:09,218,32,3,250
2025-03-15T20:17:30,218,32,3,250
2025-03-15T20:49:52,218,32,3,250
2025-03-15T21:22:22,218,32,3,250
2025-03-15T21:54:43,218,32,3,250
2025-03-15T22:27:05,218,32,3,250
2025-03-15T22:59:30,218,32,3,250
2025-03-15T23:32:12,217,33,3,250
2025-03-16T00:04:34,217,33,3,250
2025-03-16T00:49:07,217,33,3,250
2025-03-16T01:21:33,217,33,3,250
2025-03-16T01:54:00,217,33,3,250
2025-03-16T02:26:53,217,33,3,250
2025-03-16T02:59:19,217,33,3,250
2025-03-16T03:31:45,217,33,3,250
2025-03-16T04:04:12,217,33,3,250
2025-03-16T04:25:46,217,33,3,250
2025-03-16T04:58:40,217,33,3,250
2025-03-16T05:31:08,217,33,3,250
2025-03-16T06:03:35,217,33,3,250
2025-03-16T06:36:03,217,33,3,250
2025-03-16T07:08:28,217,33,3,250
2025-03-16T07:40:50,217,33,3,250
2025-03-16T08:13:20,217,33,3,250
2025-03-16T08:45:45,217,33,3,250
2025-03-16T09:18:10,217,33,3,250
2025-03-16T09:50:32,217,33,3,250
2025-03-16T10:22:54,217,33,3,250
2025-03-16T10:55:17,217,33,3,250
2025-03-16T11:27:40,217,33,3,250
2025-03-16T12:00:19,217,33,3,250
2025-03-16T12:32:44,217,33,3,250
2025-03-16T13:05:05,216,34,3,250
2025-03-16T13:37:27,216,34,3,250
2025-03-16T14:09:56,216,34,3,250
2025-03-16T14:42:17,216,34,3,250
2025-03-16T15:14:38,216,34,3,250
2025-03-16T15:47:10,216,34,3,250
2025-03-16T16:19:32,216,34,3,250
2025-03-16T16:51:53,216,34,3,250
2025-03-16T17:24:23,216,34,3,250
2025-03-16T17:56:44,216,34,3,250
2025-03-16T18:29:06,216,34,3,250
2025-03-16T19:01:27,216,34,3,250
2025-03-16T19:33:58,216,34,3,250
2025-03-16T20:06:20,216,34,3,250
2025-03-16T20:38:43,216,34,3,250
2025-03-16T21:11:18,216,34,3,250
2025-03-16T21:43:44,216,34,3,250
2025-03-16T22:16:07,216,34,3,250
2025-03-16T22:48:35,216,34,3,250
2025-03-16T23:21:10,216,34,3,250
2025-03-16T23:53:35,216,34,3,250
2025-03-17T00:26:05,216,34,3,250
2025-03-17T00:58:46,216,34,3,250
2025-03-17T01:31:16,216,34,3,250
2025-03-17T02:03:44,216,34,3,250
2025-03-17T02:36:20,216,34,3,250
2025-03-17T03:08:45,216,34,3,250
2025-03-17T03:41:09,216,34,3,250
2025-03-17T04:13:48,216,34,3,250
2025-03-17T04:31:11,216,34,3,250
2025-03-17T05:04:05,216,34,3,250
2025-03-17T05:36:34,216,34,3,250
2025-03-17T06:09:00,216,34,3,250
2025-03-17T06:41:28,216,34,3,250
2025-03-17T07:13:57,216,34,3,250
2025-03-17T07:46:29,216,34,3,250
2025-03-17T08:18:53,216,34,3,250
2025-03-17T08:51:17,216,34,3,250
2025-03-17T09:23:40,216,34,3,250
2025-03-17T09:56:02,216,34,3,250
2025-03-17T10:28:36,216,34,3,250
2025-03-17T11:00:59,216,34,3,250
2025-03-17T11:33:37,216,34,3,250
2025-03-17T12:06:00,216,34,3,250
2025-03-17T12:38:49,215,35,3,250
2025-03-17T13:11:13,215,35,3,250
2025-03-17T13:43:52,215,35,3,250
2025-03-17T14:16:18,216,34,3,250
2025-03-17T14:48:53,216,34,3,250
2025-03-17T15:21:18,216,34,3,250
2025-03-17T15:53:55,216,34,3,250
2025-03-17T16:26:19,216,34,3,250
2025-03-17T16:58:54,216,34,3,250
2025-03-17T17:31:19,216,34,3,250
2025-03-17T18:03:54,216,34,3,250
2025-03-17T18:36:18,216,34,3,250
2025-03-17T19:08:42,216,34,3,250
2025-03-17T19:41:17,216,34,3,250
2025-03-17T20:13:41,216,34,3,250
2025-03-17T20:46:05,216,34,3,250
2025-03-17T21:18:38,216,34,3,250
2025-03-17T21:51:02,216,34,3,250
2025-03-17T22:23:25,216,34,3,250
2025-03-17T22:56:01,216,34,3,250
2025-03-17T23:28:29,216,34,3,250
2025-03-18T00:00:54,216,34,3,250
2025-03-18T00:33:22,216,34,3,250
2025-03-18T01:06:05,216,34,3,250
2025-03-18T01:38:33,216,34,3,250
2025-03-18T02:11:00,216,34,3,250
2025-03-18T02:43:25,216,34,3,250
2025-03-18T03:15:53,216,34,3,250
2025-03-18T03:48:18,216,34,3,250
2025-03-18T04:24:35,216,34,3,250
2025-03-18T04:57:27,216,34,3,250
2025-03-18T05:29:57,216,34,3,250
2025-03-18T06:02:25,216,34,3,250
2025-03-18T06:34:57,216,34,3,250
2025-03-18T07:07:24,216,34,3,250
2025-03-18T07:39:52,216,34,3,250
2025-03-18T08:12:38,216,34,3,250
2025-03-18T08:45:04,216,34,3,250
2025-03-18T09:17:29,217,33,3,250
2025-03-18T09:49:54,217,33,3,250
2025-03-18T10:22:29,217,33,3,250
2025-03-18T10:55:02,217,33,3,250
2025-03-18T11:27:43,217,33,3,250
2025-03-18T12:00:20,217,33,3,250
2025-03-18T12:33:02,217,33,3,250
2025-03-18T13:05:41,217,33,3,250
2025-03-18T13:38:35,216,34,3,250
2025-03-18T14:11:09,216,34,3,250
2025-03-18T14:43:45,217,33,3,250
2025-03-18T15:16:11,217,33,3,250
2025-03-18T15:48:47,217,33,3,250
2025-03-18T16:21:22,217,33,3,250
2025-03-18T16:53:47,217,33,3,250
2025-03-18T17:26:14,217,33,3,250
2025-03-18T17:58:58,217,33,3,250
2025-03-18T18:31:24,217,33,3,250
2025-03-18T19:03:49,217,33,3,250
2025-03-18T19:36:26,217,33,3,250
2025-03-18T20:08:53,217,33,3,250
2025-03-18T20:41:21,217,33,3,250
2025-03-18T21:13:58,217,33,3,250
2025-03-18T21:46:24,217,33,3,250
2025-03-18T22:19:17,217,33,3,250
2025-03-18T22:51:43,217,33,3,250
2025-03-18T23:24:09,217,33,3,250
2025-03-18T23:56:45,217,33,3,250
2025-03-19T00:29:14,217,33,3,250
2025-03-19T01:01:47,217,33,3,250
2025-03-19T01:34:16,217,33,3,250
2025-03-19T02:06:58,217,33,3,250
2025-03-19T02:39:30,217,33,3,250
2025-03-19T03:11:57,217,33,3,250
2025-03-19T03:44:29,217,33,3,250
2025-03-19T04:24:01,217,33,3,250
2025-03-19T04:57:44,217,33,3,250
2025-03-19T05:30:17,217,33,3,250
2025-03-19T06:02:47,217,33,3,250
2025-03-19T06:35:19,217,33,3,250
2025-03-19T07:07:50,217,33,3,250
2025-03-19T07:40:17,217,33,3,250
2025-03-19T08:12:53,217,33,3,250
2025-03-19T08:45:21,217,33,3,250
2025-03-19T09:17:48,217,33,3,250
2025-03-19T09:50:17,217,33,3,250
2025-03-19T10:22:58,217,33,3,250
2025-03-19T10:55:29,217,33,3,250
2025-03-19T11:28:08,217,33,3,250
2025-03-19T12:00:35,218,32,3,250
2025-03-19T12:33:03,218,32,3,250
2025-03-19T13:05:40,218,32,3,250
2025-03-19T13:38:07,218,32,3,250
2025-03-19T14:10:36,218,32,3,250
2025-03-19T14:43:19,218,32,3,250
2025-03-19T15:15:47,218,32,3,250
2025-03-19T15:48:26,218,32,3,250
2025-03-19T16:20:58,218,32,3,250
2025-03-19T16:53:47,218,32,3,250
2025-03-19T17:26:15,218,32,3,250
2025-03-19T17:58:42,218,32,3,250
2025-03-19T18:31:19,218,32,3,250
2025-03-19T19:03:45,218,32,3,250
2025-03-19T19:36:12,218,32,3,250
2025-03-19T20:08:39,218,32,3,250
2025-03-19T20:41:17,219,31,3,250
2025-03-19T21:13:44,219,31,3,250
2025-03-19T21:46:14,219,31,3,250
2025-03-19T22:18:56,219,31,3,250
2025-03-19T22:51:26,219,31,3,250
2025-03-19T23:23:55,219,31,3,250
2025-03-19T23:56:35,219,31,3,250
2025-03-20T00:29:08,219,31,3,250
2025-03-20T01:01:43,219,31,3,250
2025-03-20T01:34:14,219,31,3,250
2025-03-20T02:06:53,219,31,3,250
2025-03-20T02:39:23,219,31,3,250
2025-03-20T03:11:51,219,31,3,250
2025-03-20T03:44:19,219,31,3,250
2025-03-20T04:20:30,219,31,3,250
2025-03-20T04:54:50,219,31,3,250
2025-03-20T05:27:22,219,31,3,250
2025-03-20T05:59:54,219,31,3,250
2025-03-20T06:32:28,219,31,3,250
2025-03-20T07:05:00,219,31,3,250
2025-03-20T07:37:29,219,31,3,250
2025-03-20T08:10:07,219,31,3,250
2025-03-20T08:42:35,219,31,3,250
2025-03-20T09:15:05,219,31,3,250
2025-03-20T09:47:33,219,31,3,250
2025-03-20T10:20:12,219,31,3,250
2025-03-20T10:52:40,219,31,3,250
2025-03-20T11:25:22,219,31,3,250
2025-03-20T11:57:51,219,31,3,250
2025-03-20T12:30:35,219,31,3,250
2025-03-20T13:03:04,219,31,3,250
2025-03-20T13:35:46,219,31,3,250
2025-03-20T14:08:18,219,31,3,250
2025-03-20T14:40:59,219,31,3,250
2025-03-20T15:13:42,219,31,3,250
2025-03-20T15:46:13,218,32,3,250
2025-03-20T16:18:52,219,31,3,250
2025-03-20T16:51:20,219,31,3,250
2025-03-20T17:24:00,220,30,3,250
2025-03-20T17:56:28,220,30,3,250
2025-03-20T18:29:06,220,30,3,250
2025-03-20T19:01:34,220,30,3,250
2025-03-20T19:34:12,220,30,3,250
2025-03-20T20:06:40,220,30,3,250
2025-03-20T20:39:10,220,30,3,250
2025-03-20T21:11:37,219,31,3,250
2025-03-20T21:44:20,219,31,3,250
2025-03-20T22:16:49,219,31,3,250
2025-03-20T22:49:29,220,30,2,250
2025-03-20T23:22:01,220,30,2,250
2025-03-20T23:54:29,220,30,2,250
2025-03-21T00:27:13,220,30,2,250
2025-03-21T00:59:45,220,30,2,250
2025-03-21T01:32:19,220,30,2,250
2025-03-21T02:04:54,220,30,2,250
2025-03-21T02:37:26,220,30,2,250
2025-03-21T03:10:22,220,30,2,250
2025-03-21T03:43:05,220,30,2,250
2025-03-21T04:20:05,220,30,2,250
2025-03-21T04:53:06,220,30,2,250
2025-03-21T05:25:39,220,30,2,250
2025-03-21T05:58:12,220,30,2,250
2025-03-21T06:30:51,220,30,2,250
2025-03-21T07:03:34,220,30,2,250
2025-03-21T07:36:06,220,30,2,250
2025-03-21T08:08:47,220,30,2,250
2025-03-21T08:41:17,220,30,2,250
2025-03-21T09:13:48,220,30,2,250
2025-03-21T09:46:19,220,30,2,250
2025-03-21T10:19:00,220,30,2,250
2025-03-21T10:51:31,220,30,2,250
2025-03-21T11:24:14,220,30,2,250
2025-03-21T11:56:45,220,30,2,250
2025-03-21T12:29:17,220,30,2,250
2025-03-21T13:02:02,220,30,2,250
2025-03-21T13:34:31,220,30,2,250
2025-03-21T14:07:13,220,30,2,250
2025-03-21T14:39:45,220,30,2,250
2025-03-21T15:12:17,220,30,2,250
2025-03-21T15:44:58,220,30,2,250
2025-03-21T16:17:29,220,30,2,250
2025-03-21T16:50:10,220,30,2,250
2025-03-21T17:22:42,220,30,2,250
2025-03-21T17:55:13,220,30,2,250
2025-03-21T18:27:57,221,29,2,250
2025-03-21T19:00:28,221,29,2,250
2025-03-21T19:32:58,221,29,2,250
2025-03-21T20:05:39,221,29,2,250
2025-03-21T20:38:09,221,29,2,250
2025-03-21T21:10:40,221,29,2,250
2025-03-21T21:43:21,222,28,2,250
2025-03-21T22:15:53,222,28,2,250
2025-03-21T22:48:28,222,28,2,250
2025-03-21T23:21:12,223,27,2,250
2025-03-21T23:53:46,223,27,2,250
2025-03-22T00:26:20,223,27,2,250
2025-03-22T00:59:08,223,27,2,250
2025-03-22T01:31:42,223,27,2,250
2025-03-22T02:04:15,223,27,2,250
2025-03-22T02:36:46,223,27,2,250
2025-03-22T03:09:18,223,27,2,250
2025-03-22T03:41:51,223,27,2,250
2025-03-22T04:14:38,223,27,2,250
2025-03-22T20:31:13,225,25,2,250
2025-03-22T21:03:45,225,25,2,250
2025-03-22T21:36:17,225,25,2,250
2025-03-22T22:09:02,226,24,2,250
2025-03-22T22:41:35,226,24,2,250
2025-03-22T23:14:09,226,24,2,250
2025-03-22T23:46:41,226,24,2,250
2025-03-23T00:19:26,227,23,2,250
2025-03-23T00:52:00,227,23,2,250
2025-03-23T01:24:36,227,23,2,250
2025-03-23T01:57:19,227,23,2,250
2025-03-23T02:29:51,227,23,2,250
2025-03-23T03:02:24,227,23,2,250
2025-03-23T03:35:17,227,23,2,250
2025-03-23T04:08:02,227,23,2,250
2025-03-23T04:27:35,227,23,2,250
2025-03-23T05:00:36,227,23,2,250
2025-03-23T05:33:16,227,23,2,250
2025-03-23T06:05:55,227,23,2,250
2025-03-23T06:38:32,227,23,2,250
2025-03-23T07:11:11,227,23,2,250
2025-03-23T07:43:48,227,23,2,250
2025-03-23T08:16:26,227,23,2,250
2025-03-23T08:49:02,227,23,2,250
2025-03-23T09:21:49,227,23,2,250
2025-03-23T09:54:21,227,23,2,250
2025-03-23T10:26:57,227,23,2,250
2025-03-23T10:59:35,227,23,2,250
2025-03-23T11:32:23,227,23,2,250
2025-03-23T12:04:56,227,23,2,250
2025-03-23T12:37:39,227,23,2,250
2025-03-23T13:10:10,227,23,2,250
2025-03-23T13:42:42,227,23,2,250
2025-03-23T14:15:33,227,23,2,250
2025-03-23T14:48:57,227,23,2,250
2025-03-23T15:22:19,227,23,2,250
2025-03-23T15:55:08,227,23,2,250
2025-03-23T16:28:08,227,23,2,250
2025-03-23T17:00:57,226,24,2,250
2025-03-23T17:33:39,226,24,2,250
2025-03-23T18:06:13,226,24,2,250
2025-03-23T18:38:57,226,24,2,250
2025-03-23T19:11:29,226,24,2,250
2025-03-23T19:44:03,226,24,2,250
2025-03-23T20:16:47,227,23,2,250
2025-03-23T20:49:23,227,23,2,250
2025-03-23T21:21:55,227,23,2,250
2025-03-23T21:54:42,227,23,2,250
2025-03-23T22:27:18,227,23,2,250
2025-03-23T23:00:01,227,23,2,250
2025-03-23T23:32:34,227,23,2,250
2025-03-24T00:05:10,227,23,2,250
2025-03-24T00:37:58,227,23,2,250
2025-03-24T01:10:36,227,23,2,250
2025-03-24T01:43:12,227,23,2,250
2025-03-24T02:15:48,227,23,2,250
2025-03-24T02:48:25,227,23,2,250
2025-03-24T03:21:10,227,23,2,250
2025-03-24T03:53:46,227,23,2,250
2025-03-24T04:32:25,227,23,2,250
2025-03-24T05:05:29,227,23,2,250
2025-03-24T05:38:07,227,23,2,250
2025-03-24T06:10:47,227,23,2,250
2025-03-24T06:43:24,227,23,2,250
2025-03-24T07:16:04,227,23,2,250
2025-03-24T07:48:42,227,23,2,250
2025-03-24T08:21:33,227,23,2,250
2025-03-24T08:54:09,227,23,2,250
2025-03-24T09:26:42,227,23,2,250
2025-03-24T09:59:25,227,23,2,250
2025-03-24T10:31:59,227,23,2,250
2025-03-24T11:04:43,227,23,2,250
2025-03-24T11:37:27,226,24,2,250
2025-03-24T12:10:03,226,24,2,250
2025-03-24T12:42:46,226,24,2,250
2025-03-24T13:15:18,226,24,2,250
2025-03-24T13:48:02,226,24,2,250
2025-03-24T14:20:46,226,24,2,250
2025-03-24T14:53:21,226,24,2,250
2025-03-24T15:26:07,226,24,2,250
2025-03-24T15:58:52,228,22,2,250
2025-03-24T16:31:40,229,21,2,250
2025-03-24T17:04:12,229,21,2,250
2025-03-24T17:37:02,229,21,2,250
2025-03-24T18:09:37,229,21,2,250
2025-03-24T18:42:22,229,21,2,250
2025-03-24T19:14:58,229,21,2,250
2025-03-24T19:47:42,229,21,2,250
2025-03-24T20:20:16,228,22,2,250
2025-03-24T20:53:00,228,22,2,250
2025-03-24T21:25:50,228,22,2,250
2025-03-24T21:58:23,228,22,2,250
2025-03-24T22:31:11,227,23,2,250
2025-03-24T23:03:46,227,23,2,250
2025-03-24T23:36:22,227,23,2,250
2025-03-25T00:09:11,227,23,2,250
2025-03-25T00:41:53,227,23,2,250
2025-03-25T01:14:42,227,23,2,250
2025-03-25T01:47:19,227,23,2,250
2025-03-25T02:19:57,227,23,2,250
2025-03-25T02:52:36,227,23,2,250
2025-03-25T03:25:24,227,23,2,250
2025-03-25T03:58:05,227,23,2,250
2025-03-25T04:22:25,227,23,2,250
2025-03-25T04:56:57,227,23,2,250
2025-03-25T05:29:37,227,23,2,250
2025-03-25T06:02:14,227,23,2,250
2025-03-25T06:34:49,227,23,2,250
2025-03-25T07:07:27,227,23,2,250
2025-03-25T07:40:12,227,23,2,250
2025-03-25T08:12:49,227,23,2,250
2025-03-25T08:45:28,227,23,2,250
2025-03-25T09:18:17,227,23,2,250
2025-03-25T09:50:51,227,23,2,250
2025-03-25T10:23:43,227,23,2,250
2025-03-25T10:56:33,227,23,2,250
2025-03-25T11:29:21,227,23,2,250
2025-03-25T12:01:55,227,23,2,250
2025-03-25T12:34:42,227,23,2,250
2025-03-25T13:07:25,227,23,2,250
2025-03-25T13:40:10,227,23,2,250
2025-03-25T14:12:43,227,23,2,250
2025-03-25T14:45:33,227,23,2,250
2025-03-25T15:18:20,227,23,2,250
2025-03-25T15:51:05,227,23,2,250
2025-03-25T16:23:51,227,23,2,250
2025-03-25T16:56:37,227,23,2,250
2025-03-25T17:29:11,227,23,2,250
2025-03-25T18:01:54,227,23,2,250
2025-03-25T18:34:40,227,23,2,250
2025-03-25T19:07:13,227,23,2,250
2025-03-25T19:39:58,227,23,2,250
2025-03-25T20:12:44,227,23,2,250
2025-03-25T20:45:18,228,22,2,250
2025-03-25T21:18:03,227,23,2,250
2025-03-25T21:50:49,227,23,2,250
2025-03-25T22:23:22,227,23,2,250
2025-03-25T22:56:09,227,23,2,250
2025-03-25T23:28:58,227,23,2,250
2025-03-26T00:01:43,227,23,2,250
2025-03-26T00:34:47,227,23,2,250
2025-03-26T01:07:28,227,23,2,250
2025-03-26T01:40:27,227,23,2,250
2025-03-26T02:13:18,227,23,2,250
2025-03-26T02:46:00,227,23,2,250
2025-03-26T03:18:51,227,23,2,250
2025-03-26T03:51:30,227,23,2,250
2025-03-26T04:30:01,227,23,2,250
2025-03-26T05:03:09,227,23,2,250
2025-03-26T05:35:51,227,23,2,250
2025-03-26T06:08:36,227,23,2,250
2025-03-26T06:41:23,227,23,2,250
2025-03-26T07:14:07,227,23,2,250
2025-03-26T07:46:45,227,23,2,250
2025-03-26T08:19:31,227,23,2,250
2025-03-26T08:52:12,227,23,2,250
2025-03-26T09:25:05,227,23,2,250
2025-03-26T09:57:57,227,23,2,250
2025-03-26T10:30:42,227,23,2,250
2025-03-26T11:03:33,227,23,2,250
2025-03-26T11:36:24,227,23,2,250
2025-03-26T12:09:12,227,23,2,250
2025-03-26T12:42:03,227,23,2,250
2025-03-26T13:14:39,227,23,2,250
2025-03-26T13:47:29,228,22,2,250
2025-03-26T14:20:18,228,22,2,250
2025-03-26T14:52:55,229,21,2,250
2025-03-26T15:25:45,229,21,2,250
2025-03-26T15:58:38,229,21,2,250
2025-03-26T16:31:30,229,21,2,250
2025-03-26T17:04:08,229,21,2,250
2025-03-26T17:36:57,229,21,2,250
2025-03-26T18:09:35,229,21,2,250
2025-03-26T18:42:26,229,21,2,250
2025-03-26T19:15:04,230,20,2,250
2025-03-26T19:47:54,231,19,2,250
2025-03-26T20:20:28,231,19,2,250
2025-03-26T20:53:14,231,19,2,250
2025-03-26T21:25:48,231,19,2,250
2025-03-26T21:58:36,231,19,2,250
2025-03-26T22:31:09,231,19,2,250
2025-03-26T23:03:59,231,19,2,250
2025-03-26T23:36:36,231,19,2,250
2025-03-27T00:09:11,231,19,2,250
2025-03-27T00:42:05,231,19,2,250
2025-03-27T01:14:44,231,19,2,250
2025-03-27T01:47:22,231,19,2,250
2025-03-27T02:19:58,231,19,2,250
2025-03-27T02:52:46,231,19,2,250
2025-03-27T03:25:21,231,19,2,250
2025-03-27T03:57:57,231,19,2,250
2025-03-27T04:20:00,231,19,2,250
2025-03-27T04:54:25,231,19,2,250
2025-03-27T05:27:03,231,19,2,250
2025-03-27T05:59:46,231,19,2,250
2025-03-27T06:32:27,231,19,2,250
2025-03-27T07:05:13,231,19,2,250
2025-03-27T07:37:58,231,19,2,250
2025-03-27T08:10:35,231,19,2,250
2025-03-27T08:43:13,231,19,2,250
2025-03-27T09:15:51,231,19,2,250
2025-03-27T09:48:51,231,19,2,250
2025-03-27T10:21:29,231,19,2,250
2025-03-27T10:54:16,231,19,2,250
2025-03-27T11:26:51,231,19,2,250
2025-03-27T11:59:38,231,19,2,250
2025-03-27T12:32:12,231,19,2,250
2025-03-27T13:04:57,231,19,2,250
2025-03-27T13:37:31,231,19,2,250
2025-03-27T14:10:17,232,18,2,250
2025-03-27T14:42:51,233,17,2,250
2025-03-27T15:15:39,232,18,2,250
2025-03-27T15:48:14,232,18,2,250
2025-03-27T16:21:01,232,18,2,250
2025-03-27T16:53:34,232,18,2,250
2025-03-27T17:26:21,231,19,2,250
2025-03-27T17:58:54,231,19,2,250
2025-03-27T18:31:42,231,19,2,250
2025-03-27T19:04:16,231,19,2,250
2025-03-27T19:36:50,231,19,2,250
2025-03-27T20:09:37,232,18,2,250
2025-03-27T20:42:10,233,17,2,250
2025-03-27T21:14:56,233,17,2,250
2025-03-27T21:47:29,232,18,2,250
2025-03-27T22:20:01,232,18,2,250
2025-03-27T22:52:49,235,15,0,250
2025-03-27T23:25:26,235,15,0,250
2025-03-27T23:58:12,235,15,0,250
2025-03-28T00:30:52,235,15,0,250
2025-03-28T01:03:36,235,15,0,250
2025-03-28T01:36:15,235,15,0,250
2025-03-28T02:09:05,235,15,0,250
2025-03-28T02:41:41,235,15,0,250
2025-03-28T03:14:18,235,15,0,250
2025-03-28T03:47:00,235,15,0,250
2025-03-28T04:21:04,235,15,0,250
2025-03-28T04:55:26,235,15,0,250
2025-03-28T05:28:06,235,15,0,250
2025-03-28T06:00:48,235,15,0,250
2025-03-28T06:33:26,235,15,0,250
2025-03-28T07:06:06,235,15,0,250
2025-03-28T07:38:46,235,15,0,250
2025-03-28T08:11:31,234,16,0,250
2025-03-28T08:44:10,234,16,0,250
2025-03-28T09:16:46,234,16,0,250
2025-03-28T09:49:28,234,16,0,250
2025-03-28T10:22:03,234,16,0,250
2025-03-28T10:54:35,234,16,0,250
2025-03-28T11:27:18,234,16,0,250
2025-03-28T11:59:50,234,16,0,250
2025-03-28T12:32:38,234,16,0,250
2025-03-28T13:05:10,233,17,0,250
2025-03-28T13:37:51,233,17,0,250
2025-03-28T14:10:26,233,17,0,250
2025-03-28T14:43:08,233,17,0,250
2025-03-28T15:15:41,233,17,0,250
2025-03-28T15:48:24,233,17,0,250
2025-03-28T16:20:57,233,17,0,250
2025-03-28T16:53:40,233,17,0,250
2025-03-28T17:26:15,233,17,0,250
2025-03-28T17:58:48,233,17,0,250
2025-03-28T18:31:33,233,17,0,250
2025-03-28T19:04:06,233,17,0,250
2025-03-28T19:36:40,233,17,0,250
2025-03-28T20:09:23,233,17,0,250
2025-03-28T20:41:57,233,17,0,250
2025-03-28T21:14:29,233,17,0,250
2025-03-28T21:47:16,233,17,0,250
2025-03-28T22:19:49,233,17,0,250
2025-03-28T22:52:26,233,17,0,250
2025-03-28T23:25:12,234,16,0,250
2025-03-28T23:57:46,234,16,0,250
2025-03-29T00:30:25,234,16,0,250
2025-03-29T01:03:16,234,16,0,250
2025-03-29T01:35:53,234,16,0,250
2025-03-29T02:08:29,234,16,0,250
2025-03-29T02:41:04,233,17,0,250
2025-03-29T03:13:42,233,17,0,250
2025-03-29T03:46:17,233,17,0,250
2025-03-29T04:21:30,233,17,0,250
2025-03-29T04:54:34,233,17,0,250
2025-03-29T05:27:13,233,17,0,250
2025-03-29T05:59:54,233,17,0,250
2025-03-29T06:32:34,233,17,0,250
2025-03-29T07:05:13,233,17,0,250
2025-03-29T07:37:57,233,17,0,250
2025-03-29T08:10:31,233,17,0,250
2025-03-29T08:43:07,233,17,0,250
2025-03-29T09:15:48,233,17,0,250
2025-03-29T09:48:20,233,17,0,250
2025-03-29T10:20:54,233,17,0,250
2025-03-29T10:53:26,233,17,0,250
2025-03-29T11:26:07,233,17,0,250
2025-03-29T11:58:39,233,17,0,250
2025-03-29T12:31:22,233,17,0,250
2025-03-29T13:03:54,233,17,0,250
2025-03-29T13:36:27,234,16,0,250
2025-03-29T14:09:09,234,16,0,250
2025-03-29T14:41:41,234,16,0,250
2025-03-29T15:14:13,234,16,0,250
2025-03-29T15:46:58,234,16,0,250
2025-03-29T16:19:30,234,16,0,250
2025-03-29T16:52:12,234,16,0,250
2025-03-29T17:24:46,234,16,0,250
2025-03-29T17:57:18,235,15,0,250
2025-03-29T18:29:58,235,15,0,250
2025-03-29T19:02:31,235,15,0,250
2025-03-29T19:35:03,235,15,0,250
2025-03-29T20:07:44,236,14,0,250
2025-03-29T20:40:16,236,14,0,250
2025-03-29T21:12:58,237,13,0,250
2025-03-29T21:45:30,237,13,0,250
2025-03-29T22:18:02,237,13,0,250
2025-03-29T22:50:47,238,12,0,250
2025-03-29T23:23:21,238,12,0,250
2025-03-29T23:55:53,238,12,0,250
2025-03-30T00:28:41,238,12,0,250
2025-03-30T01:01:17,239,11,0,250
2025-03-30T01:33:53,239,11,0,250
2025-03-30T02:06:40,239,11,0,250
2025-03-30T02:39:26,239,11,0,250
2025-03-30T03:12:13,239,11,0,250
2025-03-30T03:44:50,239,11,0,250
2025-03-30T04:30:15,239,11,0,250
2025-03-30T05:03:22,239,11,0,250
2025-03-30T05:35:59,239,11,0,250
2025-03-30T06:08:39,239,11,0,250
2025-03-30T06:41:16,239,11,0,250
2025-03-30T07:13:55,239,11,0,250
2025-03-30T07:46:29,239,11,0,250
2025-03-30T08:19:03,239,11,0,250
2025-03-30T08:51:48,240,10,0,250
2025-03-30T09:24:27,239,11,0,250
2025-03-30T09:57:05,240,10,0,250
2025-03-30T10:29:52,239,11,0,250
2025-03-30T11:02:27,239,11,0,250
2025-03-30T11:34:59,239,11,0,250
2025-03-30T12:07:41,239,11,0,250
2025-03-30T12:40:24,239,11,0,250
2025-03-30T13:12:57,239,11,0,250
2025-03-30T13:45:40,239,11,0,250
2025-03-30T14:18:13,240,10,0,250
2025-03-30T14:50:57,240,10,0,250
2025-03-30T15:23:31,240,10,0,250
2025-03-30T15:56:12,239,11,0,250
2025-03-30T16:28:56,239,11,0,250
2025-03-30T17:01:29,239,11,0,250
2025-03-30T17:34:13,237,13,0,250
2025-03-30T18:06:56,237,13,0,250
2025-03-30T18:39:28,237,13,0,250
2025-03-30T19:12:16,237,13,0,250
2025-03-30T19:45:03,237,13,0,250
2025-03-30T20:17:48,238,12,0,250
2025-03-30T20:50:21,238,12,0,250
2025-03-30T21:23:04,238,12,0,250
2025-03-30T21:55:50,238,12,0,250
2025-03-30T22:28:36,238,12,0,250
2025-03-30T23:01:22,238,12,0,250
2025-03-30T23:34:10,238,12,0,250
2025-03-31T00:07:05,237,13,0,250
2025-03-31T00:39:56,238,12,0,250
2025-03-31T01:12:36,238,12,0,250
2025-03-31T01:45:23,238,12,0,250
2025-03-31T02:17:59,238,12,0,250
2025-03-31T02:50:37,238,12,0,250
2025-03-31T03:23:22,238,12,0,250
2025-03-31T03:55:59,238,12,0,250
2025-03-31T04:26:42,238,12,0,250
2025-03-31T05:01:04,238,12,0,250
2025-03-31T05:33:40,238,12,0,250
2025-03-31T06:06:18,238,12,0,250
2025-03-31T06:46:24,238,12,0,250
2025-03-31T07:22:05,238,12,0,250
2025-03-31T07:54:36,238,12,0,250
2025-03-31T08:17:35,238,12,0,250
2025-03-31T08:50:21,239,11,1,250
2025-03-31T09:23:11,240,10,1,250
2025-03-31T09:56:00,240,10,1,250
2025-03-31T10:29:02,240,10,1,250
2025-03-31T11:02:08,240,10,1,250
2025-03-31T11:35:00,241,9,1,250
2025-03-31T12:08:05,241,9,1,250
2025-03-31T12:41:11,241,9,1,250
2025-03-31T13:14:05,243,7,1,250
2025-03-31T13:47:09,243,7,1,250
2025-03-31T14:20:01,243,7,1,250
2025-03-31T14:53:06,243,7,1,250
2025-03-31T15:25:59,244,6,1,250
2025-03-31T15:58:52,246,4,1,250
2025-03-31T16:31:43,246,4,1,250
2025-03-31T17:04:47,245,5,1,250
2025-03-31T17:37:37,245,5,1,250
2025-03-31T18:10:26,245,5,1,250
2025-03-31T18:43:03,245,5,1,250
2025-03-31T19:15:51,247,3,1,250
2025-03-31T19:48:38,247,3,1,250
2025-03-31T20:21:27,247,3,1,250
2025-03-31T20:54:04,247,3,1,250
2025-03-31T21:26:52,248,2,1,250
2025-03-31T21:59:42,248,2,1,250
2025-03-31T22:32:36,250,0,0,250
2025-03-31T23:05:20,248,2,0,250
2025-03-31T23:38:15,247,3,0,250
2025-04-01T00:10:55,247,3,0,250
2025-04-01T00:43:50,248,2,0,250
2025-04-01T01:16:33,248,2,0,250
2025-04-01T01:49:33,248,2,0,250
2025-04-01T02:22:15,248,2,0,250
2025-04-01T02:54:55,248,2,0,250
2025-04-01T03:27:38,248,2,0,250
2025-04-01T04:00:30,248,2,0,250
2025-04-01T04:36:45,248,2,0,250
2025-04-01T05:09:55,248,2,0,250
2025-04-01T05:42:39,248,2,0,250
2025-04-01T06:15:21,248,2,0,250
2025-04-01T06:48:06,248,2,0,250
2025-04-01T07:20:51,248,2,0,250
2025-04-01T07:53:41,247,3,0,250
2025-04-01T08:26:32,248,2,0,250
2025-04-01T08:59:15,249,1,0,250
2025-04-01T09:32:09,249,1,0,250
2025-04-01T10:05:16,249,1,0,250
2025-04-01T10:38:07,249,1,0,250
2025-04-01T11:11:02,248,2,0,250
2025-04-01T11:44:08,248,2,0,250
2025-04-01T12:17:04,248,2,0,250
2025-04-01T12:50:09,249,1,0,250
2025-04-01T13:23:01,250,0,0,250
2025-04-01T13:56:05,250,0,0,250
2025-04-01T14:28:56,249,1,0,250
2025-04-01T15:01:59,249,1,0,250
2025-04-01T15:34:48,249,1,0,250
2025-04-01T16:07:44,249,1,0,250
2025-04-01T16:40:47,250,0,0,250
2025-04-01T17:13:37,250,0,0,250
2025-04-01T17:46:29,250,0,0,250
2025-04-01T18:19:20,250,0,0,250
2025-04-01T18:51:58,250,0,0,250
2025-04-01T19:24:49,250,0,0,250
2025-04-01T19:57:40,250,0,0,250
2025-04-01T20:30:31,250,0,0,250
2025-04-01T21:03:09,250,0,0,250
2025-04-01T21:36:01,250,0,0,250
2025-04-01T22:08:38,250,0,0,250
2025-04-01T22:41:26,250,0,0,250
2025-04-01T23:14:20,250,0,0,250
2025-04-01T23:46:59,250,0,0,250
2025-04-02T00:19:53,250,0,0,250
2025-04-02T00:52:35,250,0,0,250
2025-04-02T01:25:23,250,0,0,250
2025-04-02T01:58:07,250,0,0,250
2025-04-02T02:31:01,250,0,0,250
2025-04-02T03:03:44,250,0,0,250
2025-04-02T03:36:26,250,0,0,250
2025-04-02T04:09:11,250,0,0,250
2025-04-02T04:36:00,250,0,0,250
2025-04-02T05:09:10,250,0,0,250
2025-04-02T05:43:21,250,0,0,250
2025-04-02T06:16:30,250,0,0,250
2025-04-02T06:49:19,250,0,0,250
2025-04-02T07:22:10,250,0,0,250
2025-04-02T07:54:58,250,0,0,250
2025-04-02T08:27:38,250,0,0,250
2025-04-02T09:00:23,250,0,0,250
2025-04-02T09:33:13,250,0,0,250
2025-04-02T10:06:06,250,0,0,250
2025-04-02T10:38:58,250,0,0,250
2025-04-02T11:11:50,250,0,0,250
2025-04-05T11:43:11,245,5,0,250
2025-04-05T12:15:54,245,5,0,250
2025-04-05T12:48:36,245,5,0,250
2025-04-05T13:21:27,245,5,0,250
2025-04-05T13:54:08,245,5,0,250
2025-04-05T14:26:49,245,5,0,250
2025-04-05T14:59:30,245,5,0,250
2025-04-05T15:32:22,245,5,0,250
2025-04-05T16:05:04,246,4,0,250
2025-04-05T16:37:45,246,4,0,250
2025-04-05T17:10:27,246,4,0,250
2025-04-05T17:43:19,246,4,0,250
2025-04-05T18:16:06,246,4,0,250
2025-04-05T18:48:49,246,4,0,250
2025-04-05T19:21:30,246,4,0,250
2025-04-05T19:54:20,245,5,0,250
2025-04-05T20:27:02,245,5,0,250
2025-04-05T20:59:43,245,5,0,250
2025-04-05T21:32:25,245,5,0,250
2025-04-05T22:05:16,245,5,0,250
2025-04-05T22:37:58,245,5,0,250
2025-04-05T23:10:41,245,5,0,250
2025-04-05T23:43:25,245,5,0,250
2025-04-06T00:16:08,245,5,0,250
2025-04-06T00:49:02,245,5,0,250
2025-04-06T01:21:48,245,5,0,250
2025-04-06T01:54:33,245,5,0,250
2025-04-06T02:27:34,245,5,0,250
2025-04-06T03:00:20,245,5,0,250
2025-04-06T03:33:06,245,5,0,250
2025-04-06T04:05:51,245,5,0,250
2025-04-06T04:30:30,245,5,0,250
2025-04-06T05:03:43,245,5,0,250
2025-04-06T05:36:32,245,5,0,250
2025-04-06T06:09:21,245,5,0,250
2025-04-06T06:42:07,245,5,0,250
2025-04-06T07:14:52,245,5,0,250
2025-04-06T07:47:35,245,5,0,250
2025-04-06T08:20:19,245,5,0,250
2025-04-06T08:53:09,245,5,0,250
2025-04-06T09:26:12,245,5,0,250
2025-04-06T09:58:59,245,5,0,250
2025-04-06T10:31:45,245,5,0,250
2025-04-06T11:04:28,245,5,0,250
2025-04-06T11:37:12,245,5,0,250
2025-04-06T12:10:05,245,5,0,250
2025-04-06T12:42:47,245,5,0,250
2025-04-06T13:15:28,245,5,0,250
2025-04-06T13:48:09,245,5,0,250
2025-04-06T14:20:59,245,5,0,250
2025-04-06T14:53:40,245,5,0,250
2025-04-06T15:26:26,245,5,0,250
2025-04-06T15:59:16,245,5,0,250
2025-04-06T16:31:57,244,6,0,250
2025-04-06T17:04:38,244,6,0,250
2025-04-06T17:37:19,244,6,0,250
2025-04-06T18:10:08,244,6,0,250
2025-04-06T18:42:52,244,6,0,250
2025-04-06T19:15:35,244,6,0,250
2025-04-06T19:48:25,244,6,0,250
2025-04-06T20:21:06,244,6,0,250
2025-04-06T20:53:57,244,6,0,250
2025-04-06T21:27:46,244,6,0,250
2025-04-06T22:00:38,244,6,0,250
2025-04-06T22:33:18,245,5,0,250
2025-04-06T23:06:01,245,5,0,250
2025-04-06T23:39:01,245,5,0,250
2025-04-07T00:11:45,245,5,0,250
2025-04-07T00:44:28,245,5,0,250
2025-04-07T01:17:20,245,5,0,250
2025-04-07T01:50:05,245,5,0,250
2025-04-07T02:22:49,245,5,0,250
2025-04-07T02:55:39,245,5,0,250
2025-04-07T03:28:27,245,5,0,250
2025-04-07T04:01:16,245,5,0,250
2025-04-07T04:19:35,245,5,0,250
2025-04-07T04:52:45,245,5,0,250
2025-04-07T05:25:33,245,5,0,250
2025-04-07T05:58:21,245,5,0,250
2025-04-07T06:31:08,245,5,0,250
2025-04-07T07:03:54,245,5,0,250
2025-04-07T07:36:39,245,5,0,250
2025-04-07T07:57:24,245,5,0,250
2025-04-07T08:30:37,246,4,0,250
2025-04-07T09:03:20,246,4,0,250
2025-04-07T09:36:08,246,4,0,250
2025-04-07T10:09:00,246,4,0,250
2025-04-07T10:41:44,246,4,0,250
2025-04-07T11:14:36,247,3,0,250
2025-04-07T11:47:30,248,2,0,250
2025-04-07T12:20:13,247,3,0,250
2025-04-07T12:53:08,247,3,0,250
2025-04-07T13:26:02,247,3,0,250
2025-04-07T13:58:46,248,2,0,250
2025-04-07T14:31:39,248,2,0,250
2025-04-07T15:04:22,248,2,0,250
2025-04-07T15:37:18,249,1,0,250
2025-04-07T16:10:12,249,1,0,250
2025-04-07T16:42:56,249,1,0,250
2025-04-07T17:15:49,249,1,0,250
2025-04-07T17:48:33,249,1,0,250
2025-04-07T18:21:25,249,1,0,250
2025-04-07T18:54:09,250,0,0,250
2025-04-07T19:26:52,250,0,0,250
2025-04-07T19:59:45,250,0,0,250
2025-04-07T20:32:29,250,0,0,250
2025-04-07T21:05:23,250,0,0,250
2025-04-07T21:38:06,250,0,0,250
2025-04-07T22:11:02,250,0,0,250
2025-04-07T22:43:46,250,0,0,250
2025-04-07T23:16:31,250,0,0,250
2025-04-07T23:49:29,249,1,0,250
2025-04-08T00:22:18,248,2,0,250
2025-04-08T00:55:09,248,2,0,250
2025-04-08T01:27:59,248,2,0,250
2025-04-08T02:00:57,248,2,0,250
2025-04-08T02:33:46,248,2,0,250
2025-04-08T03:06:34,248,2,0,250
2025-04-08T03:39:32,248,2,0,250
2025-04-08T04:12:24,248,2,0,250
2025-04-08T04:28:56,248,2,0,250
2025-04-08T05:02:08,248,2,0,250
2025-04-08T05:34:58,248,2,0,250
2025-04-08T06:07:51,248,2,0,250
2025-04-08T06:40:43,248,2,0,250
2025-04-08T07:13:32,247,3,0,250
2025-04-08T07:46:25,246,4,0,250
2025-04-08T08:19:23,246,4,0,250
2025-04-08T08:52:08,246,4,0,250
2025-04-08T09:24:53,246,4,0,250
2025-04-08T09:57:49,246,4,0,250
2025-04-08T10:30:34,246,4,0,250
2025-04-08T11:03:29,246,4,0,250
2025-04-08T11:36:12,247,3,0,250
2025-04-08T12:09:31,247,3,0,250
2025-04-08T12:42:25,246,4,0,250
2025-04-08T13:15:20,245,5,0,250
2025-04-08T13:48:03,244,6,0,250
2025-04-08T14:20:59,244,6,0,250
2025-04-08T14:53:44,243,7,1,250
2025-04-08T15:26:41,243,7,1,250
2025-04-08T15:59:35,243,7,1,250
2025-04-08T16:32:21,243,7,1,250
2025-04-08T17:05:16,243,7,1,250
2025-04-08T17:38:02,243,7,1,250
2025-04-08T18:10:56,244,6,1,250
2025-04-08T18:43:41,243,7,1,250
2025-04-08T19:16:26,243,7,1,250
2025-04-08T19:49:19,243,7,1,250
2025-04-08T20:22:03,243,7,1,250
2025-04-08T20:54:47,243,7,1,250
2025-04-08T21:27:41,243,7,1,250
2025-04-08T22:00:25,243,7,1,250
2025-04-08T22:33:22,243,7,1,250
2025-04-08T23:06:05,243,7,1,250
2025-04-08T23:38:52,243,7,1,250
2025-04-09T00:11:39,244,6,1,250
2025-04-09T00:44:39,244,6,1,250
2025-04-09T01:17:29,244,6,1,250
2025-04-09T01:50:18,244,6,1,250
2025-04-09T02:23:07,244,6,1,250
2025-04-09T02:56:09,244,6,1,250
2025-04-09T03:29:08,244,6,1,250
2025-04-09T04:01:56,245,5,1,250
2025-04-09T04:29:32,245,5,1,250
2025-04-09T05:02:24,245,5,1,250
2025-04-09T05:36:57,245,5,1,250
2025-04-09T06:09:47,245,5,1,250
2025-04-09T06:42:37,245,5,1,250
2025-04-09T07:15:26,245,5,1,250
2025-04-09T07:48:13,245,5,1,250
2025-04-09T08:20:58,245,5,1,250
2025-04-09T08:53:51,245,5,1,250
2025-04-09T09:26:37,245,5,1,250
2025-04-09T09:59:23,245,5,1,250
2025-04-09T10:32:19,245,5,1,250
2025-04-09T11:05:06,245,5,1,250
2025-04-09T11:38:01,245,5,1,250
2025-04-09T12:11:03,245,5,1,250
2025-04-09T12:43:51,245,5,1,250
2025-04-09T13:16:48,245,5,1,250
2025-04-09T13:49:34,245,5,1,250
2025-04-09T14:22:30,245,5,1,250
2025-04-09T14:55:17,245,5,1,250
2025-04-09T15:28:16,245,5,1,250
2025-04-09T16:01:02,245,5,1,250
2025-04-09T16:33:59,245,5,1,250
2025-04-09T17:06:45,245,5,1,250
2025-04-09T17:39:43,245,5,1,250
2025-04-09T18:12:31,245,5,1,250
2025-04-09T18:45:42,245,5,1,250
2025-04-09T19:18:39,245,5,1,250
2025-04-09T19:51:26,245,5,1,250
2025-04-09T20:24:13,245,5,1,250
2025-04-09T20:57:01,245,5,1,250
2025-04-09T21:29:58,245,5,1,250
2025-04-09T22:02:45,245,5,1,250
2025-04-09T22:35:42,245,5,1,250
2025-04-09T23:08:30,245,5,1,250
2025-04-09T23:41:18,245,5,1,250
2025-04-10T00:14:10,245,5,1,250
2025-04-10T00:47:12,245,5,1,250
2025-04-10T01:20:06,245,5,1,250
2025-04-10T01:52:58,245,5,1,250
2025-04-10T02:25:51,245,5,1,250
2025-04-10T02:58:41,245,5,1,250
2025-04-10T03:31:34,245,5,1,250
2025-04-10T04:06:54,245,5,1,250
2025-04-10T04:30:48,245,5,1,250
2025-04-10T05:04:01,245,5,1,250
2025-04-10T05:36:55,245,5,1,250
2025-04-10T06:09:49,245,5,1,250
2025-04-10T06:42:41,245,5,1,250
2025-04-10T07:15:32,245,5,1,250
2025-04-10T07:48:21,245,5,1,250
2025-04-10T08:21:08,245,5,1,250
2025-04-10T08:54:04,245,5,1,250
2025-04-10T09:26:51,245,5,1,250
2025-04-10T09:59:40,246,4,1,250
2025-04-10T10:32:37,246,4,1,250
2025-04-10T11:05:25,247,3,2,250
2025-04-10T11:38:24,249,1,2,250
2025-04-10T12:11:13,249,1,2,250
2025-04-10T12:44:13,249,1,2,250
2025-04-10T13:17:02,249,1,2,250
2025-04-10T13:50:09,248,2,2,250
2025-04-10T14:23:04,247,3,2,250
2025-04-10T14:56:06,246,4,2,250
2025-04-10T15:28:58,246,4,2,250
2025-04-10T16:01:58,246,4,2,250
2025-04-10T16:34:48,246,4,2,250
2025-04-10T17:07:49,246,4,2,250
2025-04-10T17:40:39,246,4,2,250
2025-04-10T18:13:29,246,4,2,250
2025-04-10T18:46:30,246,4,2,250
2025-04-10T19:19:20,246,4,2,250
2025-04-10T19:52:10,246,4,2,250
2025-04-10T20:25:09,246,4,2,250
2025-04-10T20:57:59,246,4,2,250
2025-04-10T21:30:59,247,3,2,250
2025-04-10T22:03:49,247,3,2,250
2025-04-10T22:36:41,248,2,1,250
2025-04-10T23:09:32,248,2,1,250
2025-04-10T23:42:33,248,2,1,250
2025-04-11T00:15:23,249,1,1,250
2025-04-11T00:48:17,249,1,1,250
2025-04-11T01:21:14,249,1,1,250
2025-04-11T01:54:17,249,1,1,250
2025-04-11T02:27:12,249,1,1,250
2025-04-11T03:00:07,249,1,1,250
2025-04-11T03:33:25,249,1,1,250
2025-04-11T04:19:39,249,1,1,250
2025-04-11T04:52:51,249,1,1,250
2025-04-11T05:25:48,249,1,1,250
2025-04-11T05:58:43,249,1,1,250
2025-04-11T06:31:41,249,1,1,250
2025-04-11T07:04:35,249,1,1,250
2025-04-11T07:37:26,249,1,1,250
2025-04-11T08:10:26,249,1,1,250
2025-04-11T08:43:16,249,1,1,250
2025-04-11T09:16:06,249,1,1,250
2025-04-11T09:49:09,249,1,1,250
2025-04-11T10:21:58,250,0,1,250
2025-04-11T10:54:47,250,0,1,250
2025-04-11T11:27:49,250,0,1,250
2025-04-11T12:00:38,249,1,1,250
2025-04-11T12:33:37,249,1,1,250
2025-04-11T13:06:26,249,1,1,250
2025-04-11T13:39:25,248,2,1,250
2025-04-11T14:12:14,248,2,1,250
2025-04-11T14:45:16,248,2,1,250
2025-04-11T15:18:06,248,2,1,250
2025-04-11T15:51:07,248,2,1,250
2025-04-11T16:23:58,248,2,1,250
2025-04-11T16:56:51,248,2,1,250
2025-04-11T17:29:54,248,2,1,250
2025-04-11T18:02:47,249,1,1,250
2025-04-11T18:35:39,249,1,1,250
2025-04-11T19:08:32,249,1,1,250
2025-04-11T19:41:34,249,1,1,250
2025-04-11T20:14:28,249,1,1,250
2025-04-11T20:47:21,249,1,1,250
2025-04-11T21:20:13,249,1,1,250
2025-04-11T21:53:14,249,1,1,250
2025-04-11T22:26:03,249,1,1,250
2025-04-11T22:58:56,249,1,1,250
2025-04-11T23:31:50,249,1,1,250
2025-04-12T00:04:53,249,1,1,250
2025-04-12T00:37:53,249,1,1,250
2025-04-12T01:10:51,249,1,1,250
2025-04-12T01:43:49,249,1,1,250
2025-04-12T02:16:45,249,1,1,250
2025-04-12T02:50:41,249,1,1,250
2025-04-12T03:23:47,249,1,1,250
2025-04-12T03:56:45,249,1,1,250
2025-04-12T04:20:04,249,1,1,250
2025-04-12T04:53:26,249,1,1,250
2025-04-12T05:26:26,249,1,1,250
2025-04-12T05:59:25,249,1,1,250
2025-04-12T06:32:25,249,1,1,250
2025-04-12T07:05:24,249,1,1,250
2025-04-12T07:38:27,249,1,1,250
2025-04-12T08:11:33,249,1,1,250
2025-04-12T08:44:29,249,1,1,250
2025-04-12T09:17:23,249,1,1,250
2025-04-12T09:50:16,248,2,1,250
2025-04-12T10:23:17,248,2,1,250
2025-04-12T10:56:10,248,2,1,250
2025-04-12T11:29:03,248,2,1,250
2025-04-12T12:01:55,248,2,1,250
2025-04-12T12:34:50,248,2,1,250
2025-04-12T13:07:43,248,2,1,250
2025-04-12T13:40:45,248,2,1,250
2025-04-12T14:13:38,248,2,1,250
2025-04-12T14:46:31,248,2,1,250
2025-04-12T15:19:23,248,2,1,250
2025-04-12T15:52:16,248,2,1,250
2025-04-12T16:25:09,248,2,1,250
2025-04-12T16:58:10,247,3,1,250
2025-04-12T17:31:03,247,3,1,250
2025-04-12T18:03:56,247,3,1,250
2025-04-12T18:36:48,247,3,1,250
2025-04-12T19:09:42,247,3,1,250
2025-04-12T19:42:34,247,3,1,250
2025-04-12T20:15:36,247,3,1,250
2025-04-12T20:48:28,247,3,1,250
2025-04-12T21:21:21,247,3,1,250
2025-04-12T21:54:15,247,3,1,250
2025-04-12T22:27:07,247,3,1,250
2025-04-12T22:59:59,247,3,1,250
2025-04-12T23:33:02,247,3,1,250
2025-04-13T00:05:55,247,3,1,250
2025-04-13T00:38:52,247,3,1,250
2025-04-13T01:11:48,247,3,1,250
2025-04-13T01:44:42,247,3,1,250
2025-04-13T02:17:34,247,3,1,250
2025-04-13T02:50:27,247,3,1,250
2025-04-13T03:23:25,247,3,1,250
2025-04-13T03:56:34,247,3,1,250
2025-04-13T04:21:10,247,3,1,250
2025-04-13T04:56:20,247,3,1,250
2025-04-13T05:29:46,247,3,1,250
2025-04-13T06:02:47,247,3,1,250
2025-04-13T06:35:47,247,3,1,250
2025-04-13T07:08:46,247,3,1,250
2025-04-13T07:41:45,247,3,1,250
2025-04-13T08:14:46,247,3,1,250
2025-04-13T08:47:47,247,3,1,250
2025-04-13T09:20:43,247,3,1,250
2025-04-13T09:53:42,247,3,1,250
2025-04-13T10:26:50,247,3,1,250
2025-04-13T10:59:50,247,3,1,250
2025-04-13T11:32:50,247,3,1,250
2025-04-13T12:05:43,247,3,1,250
2025-04-13T12:38:35,247,3,1,250
2025-04-13T13:11:29,247,3,1,250
2025-04-13T13:44:32,247,3,1,250
2025-04-13T14:17:24,246,4,1,250
2025-04-13T14:50:17,246,4,1,250
2025-04-13T15:23:12,246,4,1,250
2025-04-13T15:56:16,246,4,1,250
2025-04-13T16:29:11,246,4,1,250
2025-04-13T17:02:03,245,5,1,250
2025-04-13T17:34:58,245,5,1,250
2025-04-13T18:07:52,245,5,1,250
2025-04-13T18:40:53,245,5,1,250
2025-04-13T19:13:47,245,5,1,250
2025-04-13T19:46:39,245,5,1,250
2025-04-13T20:19:33,245,5,1,250
2025-04-13T20:52:34,244,6,1,250
2025-04-13T21:25:27,244,6,1,250
2025-04-13T21:58:23,244,6,1,250
2025-04-13T22:31:16,244,6,1,250
2025-04-13T23:04:20,244,6,1,250
2025-04-13T23:37:16,244,6,1,250
2025-04-14T00:10:10,244,6,1,250
2025-04-14T00:43:09,244,6,1,250
2025-04-14T01:16:12,244,6,1,250
2025-04-14T01:49:18,244,6,1,250
2025-04-14T02:22:15,244,6,1,250
2025-04-14T02:55:11,244,6,1,250
2025-04-14T03:28:07,244,6,1,250
2025-04-14T04:01:03,244,6,1,250
2025-04-14T04:26:48,244,6,1,250
2025-04-14T05:01:26,244,6,1,250
2025-04-14T05:34:26,244,6,1,250
2025-04-14T06:07:22,244,6,1,250
2025-04-14T06:40:21,244,6,1,250
2025-04-14T07:13:21,244,6,1,250
2025-04-14T07:46:21,244,6,1,250
2025-04-14T08:19:17,244,6,1,250
2025-04-14T08:52:13,244,6,1,250
2025-04-14T09:25:15,244,6,1,250
2025-04-14T09:58:10,244,6,1,250
2025-04-14T10:31:04,244,6,1,250
2025-04-14T11:04:11,244,6,1,250
2025-04-14T11:37:04,244,6,1,250
2025-04-14T12:10:07,244,6,1,250
2025-04-14T12:43:02,244,6,1,250
2025-04-14T13:16:06,244,6,1,250
2025-04-14T13:49:01,244,6,1,250
2025-04-14T14:22:08,244,6,1,250
2025-04-14T14:55:06,244,6,1,250
2025-04-14T15:28:15,244,6,1,250
2025-04-14T16:01:09,244,6,1,250
2025-04-14T16:34:15,244,6,1,250
2025-04-14T17:07:10,244,6,1,250
2025-04-14T17:40:04,244,6,1,250
2025-04-14T18:13:08,244,6,1,250
2025-04-14T18:46:02,244,6,1,250
2025-04-14T19:18:57,244,6,1,250
2025-04-14T19:52:01,244,6,1,250
2025-04-14T20:24:56,244,6,1,250
2025-04-14T20:57:50,244,6,1,250
2025-04-14T21:30:56,244,6,1,250
2025-04-14T22:03:50,244,6,1,250
2025-04-14T22:36:44,244,6,1,250
2025-04-14T23:09:50,244,6,1,250
2025-04-14T23:42:45,244,6,1,250
2025-04-15T00:15:42,244,6,1,250
2025-04-15T00:48:44,244,6,1,250
2025-04-15T01:21:43,244,6,1,250
2025-04-15T01:54:51,244,6,1,250
2025-04-15T02:27:48,244,6,1,250
2025-04-15T03:00:49,244,6,1,250
2025-04-15T03:33:48,244,6,1,250
2025-04-15T04:09:12,244,6,1,250
2025-04-15T04:33:21,244,6,1,250
2025-04-15T05:06:45,244,6,1,250
2025-04-15T05:39:46,244,6,1,250
2025-04-15T06:12:47,244,6,1,250
2025-04-15T06:45:49,244,6,1,250
2025-04-15T07:18:50,244,6,1,250
2025-04-15T07:51:47,243,7,1,250
2025-04-15T08:24:42,243,7,1,250
2025-04-15T08:57:47,243,7,1,250
2025-04-15T09:30:42,243,7,1,250
2025-04-15T10:03:35,243,7,1,250
2025-04-15T10:36:42,243,7,1,250
2025-04-15T11:09:46,243,7,1,250
2025-04-15T11:42:49,243,7,1,250
2025-04-15T12:16:00,243,7,1,250
2025-04-16T00:05:05,241,9,1,250
2025-04-16T00:38:04,241,9,1,250
2025-04-16T01:11:05,241,9,1,250
2025-04-16T01:44:04,241,9,1,250
2025-04-16T02:17:11,241,9,1,250
2025-04-16T02:50:11,241,9,1,250
2025-04-16T03:23:10,241,9,1,250
2025-04-16T03:56:19,241,9,1,250
2025-04-16T04:30:03,241,9,1,250
2025-04-16T05:03:27,241,9,1,250
2025-04-16T05:36:27,241,9,1,250
2025-04-16T06:09:28,241,9,1,250
2025-04-16T06:42:28,241,9,1,250
2025-04-16T07:15:26,241,9,1,250
2025-04-16T07:48:23,241,9,1,250
2025-04-16T08:21:21,241,9,1,250
2025-04-16T08:54:16,241,9,1,250
2025-04-16T09:27:18,241,9,1,250
2025-04-16T10:00:13,241,9,1,250
2025-04-16T10:33:09,241,9,1,250
2025-04-16T11:06:14,241,9,1,250
2025-04-16T11:39:10,241,9,1,250
2025-04-16T12:12:15,241,9,1,250
2025-04-16T12:45:22,241,9,1,250
2025-04-16T13:18:17,241,9,1,250
2025-04-16T13:51:23,241,9,1,250
2025-04-16T14:24:17,241,9,1,250
2025-04-16T14:57:12,241,9,1,250
2025-04-16T15:30:18,241,9,1,250
2025-04-16T16:03:11,241,9,1,250
2025-04-16T16:36:16,241,9,1,250
2025-04-16T17:09:10,241,9,1,250
2025-04-16T17:42:14,241,9,1,250
2025-04-16T18:15:14,241,9,1,250
2025-04-16T18:48:18,241,9,1,250
2025-04-16T19:21:11,241,9,1,250
2025-04-16T19:54:09,241,9,1,250
2025-04-16T20:27:18,241,9,1,250
2025-04-16T21:00:15,241,9,1,250
2025-04-16T21:33:11,241,9,1,250
2025-04-16T22:06:22,241,9,1,250
2025-04-16T22:39:23,241,9,1,250
2025-04-16T23:12:27,241,9,1,250
2025-04-16T23:45:32,241,9,1,250
2025-04-17T00:18:45,241,9,1,250
2025-04-17T00:51:54,241,9,1,250
2025-04-17T01:25:00,241,9,1,250
2025-04-17T01:58:06,241,9,1,250
2025-04-17T02:31:13,241,9,1,250
2025-04-17T03:04:33,241,9,1,250
2025-04-17T03:37:39,241,9,1,250
2025-04-17T04:10:45,241,9,1,250
2025-04-17T04:33:56,241,9,1,250
2025-04-17T05:07:24,241,9,1,250
2025-04-17T05:40:35,241,9,1,250
2025-04-17T06:13:37,241,9,1,250
2025-04-17T06:46:47,241,9,1,250
2025-04-17T07:19:50,241,9,1,250
2025-04-17T07:52:47,241,9,1,250
2025-04-17T08:25:58,241,9,1,250
2025-04-17T08:58:54,241,9,1,250
2025-04-17T09:31:49,241,9,1,250
2025-04-17T10:04:44,239,11,1,250
2025-04-17T10:38:02,239,11,1,250
2025-04-17T11:10:56,239,11,1,250
2025-04-17T11:43:50,239,11,1,250
2025-04-17T12:16:54,239,11,1,250
2025-04-17T12:49:50,239,11,1,250
2025-04-17T13:22:54,239,11,1,250
2025-04-17T13:55:48,239,11,1,250
2025-04-17T14:28:53,239,11,1,250
2025-04-17T15:01:47,239,11,1,250
2025-04-17T15:34:54,239,11,1,250
2025-04-17T16:07:49,239,11,1,250
2025-04-17T16:40:44,239,11,1,250
2025-04-17T17:13:49,239,11,1,250
2025-04-17T17:46:43,239,11,1,250
2025-04-17T18:19:49,239,11,1,250
2025-04-17T18:52:44,239,11,1,250
2025-04-17T19:25:39,239,11,1,250
2025-04-17T19:58:47,239,11,1,250
2025-04-17T20:31:42,239,11,1,250
2025-04-17T21:04:35,239,11,1,250
2025-04-17T21:37:30,239,11,1,250
2025-04-17T22:10:25,239,11,1,250
2025-04-17T22:43:31,239,11,1,250
2025-04-17T23:16:26,239,11,1,250
2025-04-17T23:49:21,239,11,1,250
2025-04-18T00:22:18,239,11,1,250
2025-04-18T00:55:21,239,11,1,250
2025-04-18T01:28:31,239,11,1,250
2025-04-18T02:01:32,239,11,1,250
2025-04-18T02:34:31,239,11,1,250
2025-04-18T03:07:30,239,11,1,250
2025-04-18T03:40:30,239,11,1,250
2025-04-18T04:27:35,239,11,1,250
2025-04-18T05:01:00,239,11,1,250
2025-04-18T05:34:01,239,11,1,250
2025-04-18T06:07:02,239,11,1,250
2025-04-18T06:40:03,239,11,1,250
2025-04-18T07:13:06,239,11,1,250
2025-04-18T07:46:07,239,11,1,250
2025-04-18T08:19:07,239,11,1,250
2025-04-18T08:52:03,239,11,1,250
2025-04-18T09:25:09,239,11,1,250
2025-04-18T09:58:05,239,11,1,250
2025-04-18T10:30:58,239,11,1,250
2025-04-18T11:03:51,239,11,1,250
2025-04-18T11:36:57,239,11,1,250
2025-04-18T12:09:51,239,11,1,250
2025-04-18T12:42:48,239,11,1,250
2025-04-18T13:15:53,239,11,1,250
2025-04-18T13:48:47,239,11,1,250
2025-04-18T14:21:41,239,11,1,250
2025-04-18T14:54:47,239,11,1,250
2025-04-18T15:27:44,239,11,1,250
2025-04-18T16:00:38,239,11,1,250
2025-04-18T16:33:41,239,11,1,250
2025-04-18T17:06:35,239,11,1,250
2025-04-18T17:39:29,239,11,1,250
2025-04-18T18:12:33,239,11,1,250
2025-04-18T18:45:28,239,11,1,250
2025-04-18T19:18:22,238,12,1,250
2025-04-18T19:51:15,238,12,1,250
2025-04-18T20:24:18,238,12,1,250
2025-04-18T20:57:11,238,12,1,250
2025-04-18T21:30:05,238,12,1,250
2025-04-18T22:02:59,238,12,1,250
2025-04-18T22:35:54,238,12,1,250
2025-04-18T23:08:59,238,12,1,250
2025-04-18T23:41:55,238,12,1,250
2025-04-19T00:14:51,238,12,1,250
2025-04-19T00:47:55,238,12,1,250
2025-04-19T01:20:56,238,12,1,250
2025-04-19T01:53:55,238,12,1,250
2025-04-19T02:26:52,238,12,1,250
2025-04-19T02:59:47,238,12,1,250
2025-04-19T03:33:35,238,12,1,250
2025-04-19T04:06:51,238,12,1,250
2025-04-19T04:30:37,238,12,1,250
2025-04-19T05:04:11,238,12,1,250
2025-04-19T05:37:11,238,12,1,250
2025-04-19T06:10:10,238,12,1,250
2025-04-19T06:43:10,238,12,1,250
2025-04-19T07:16:11,238,12,1,250
2025-04-19T07:49:10,238,12,1,250
2025-04-19T08:22:18,238,12,1,250
2025-04-19T08:55:17,238,12,1,250
2025-04-19T09:28:11,238,12,1,250
2025-04-19T10:01:43,238,12,1,250
2025-04-19T10:35:08,238,12,1,250
2025-04-19T11:08:01,238,12,1,250
2025-04-19T11:41:04,238,12,1,250
2025-04-19T12:13:58,238,12,1,250
2025-04-19T12:46:51,238,12,1,250
2025-04-19T13:19:44,238,12,1,250
2025-04-19T13:52:37,238,12,1,250
2025-04-19T14:25:40,238,12,1,250
2025-04-19T14:58:35,238,12,1,250
2025-04-19T15:31:28,238,12,1,250
2025-04-19T16:04:22,238,12,1,250
2025-04-19T16:37:16,238,12,1,250
2025-04-19T17:10:19,238,12,1,250
2025-04-19T17:43:12,238,12,1,250
2025-04-19T18:16:06,238,12,1,250
2025-04-19T18:49:01,238,12,1,250
2025-04-19T19:21:55,238,12,1,250
2025-04-19T19:54:49,238,12,1,250
2025-04-19T20:27:52,238,12,1,250
2025-04-19T21:00:45,238,12,1,250
2025-04-19T21:33:39,238,12,1,250
2025-04-19T22:06:32,238,12,1,250
2025-04-19T22:39:29,238,12,1,250
2025-04-19T23:12:34,238,12,1,250
2025-04-19T23:45:29,238,12,1,250
2025-04-20T00:18:24,238,12,1,250
2025-04-20T00:53:20,238,12,1,250
2025-04-20T01:26:16,238,12,1,250
2025-04-20T02:01:02,238,12,1,250
2025-04-20T02:34:06,238,12,1,250
2025-04-20T03:07:21,238,12,1,250
2025-04-20T03:40:30,238,12,1,250
2025-04-20T04:22:13,238,12,1,250
2025-04-20T04:55:31,238,12,1,250
2025-04-20T05:28:31,238,12,1,250
2025-04-20T06:01:32,238,12,1,250
2025-04-20T06:34:32,238,12,1,250
2025-04-20T07:07:34,238,12,1,250
2025-04-20T07:40:37,238,12,1,250
2025-04-20T08:13:36,238,12,1,250
2025-04-20T08:46:35,238,12,1,250
2025-04-20T09:19:31,238,12,1,250
2025-04-20T09:52:29,238,12,1,250
2025-04-20T10:25:36,238,12,1,250
2025-04-20T10:58:36,238,12,1,250
2025-04-20T11:31:34,238,12,1,250
2025-04-20T12:04:31,238,12,1,250
2025-04-20T12:37:27,238,12,1,250
2025-04-20T13:10:28,238,12,1,250
2025-04-20T13:43:23,238,12,1,250
2025-04-20T14:16:17,238,12,1,250
2025-04-20T14:49:10,238,12,1,250
2025-04-20T15:22:03,238,12,1,250
2025-04-20T15:54:56,238,12,1,250
2025-04-20T16:27:57,238,12,1,250
2025-04-20T17:00:50,238,12,1,250
2025-04-20T17:33:45,238,12,1,250
2025-04-20T18:06:39,238,12,1,250
2025-04-20T18:39:38,238,12,1,250
2025-04-20T19:12:46,238,12,1,250
2025-04-20T19:45:40,238,12,1,250
2025-04-20T20:18:34,238,12,1,250
2025-04-20T20:51:27,238,12,1,250
2025-04-20T21:24:21,238,12,1,250
2025-04-20T21:57:29,238,12,1,250
2025-04-20T22:30:24,238,12,1,250
2025-04-20T23:03:19,238,12,1,250
2025-04-20T23:36:15,238,12,1,250
2025-04-21T00:09:23,238,12,1,250
2025-04-21T00:42:33,238,12,1,250
2025-04-21T01:15:39,238,12,1,250
2025-04-21T01:48:43,238,12,1,250
2025-04-21T02:21:43,238,12,1,250
2025-04-21T02:54:39,238,12,1,250
2025-04-21T03:27:36,238,12,1,250
2025-04-21T04:02:32,238,12,1,250
2025-04-21T04:22:19,238,12,1,250
2025-04-21T04:55:42,238,12,1,250
2025-04-21T05:28:43,238,12,1,250
2025-04-21T06:01:43,238,12,1,250
2025-04-21T06:34:47,238,12,1,250
2025-04-21T07:07:46,238,12,1,250
2025-04-21T07:40:42,238,12,1,250
2025-04-21T08:13:46,238,12,1,250
2025-04-21T08:46:42,238,12,1,250
2025-04-21T09:19:38,238,12,1,250
2025-04-21T09:52:36,238,12,1,250
2025-04-21T10:25:30,238,12,1,250
2025-04-21T10:58:36,238,12,1,250
2025-04-21T11:31:31,238,12,1,250
2025-04-21T12:04:25,238,12,1,250
2025-04-21T12:37:31,238,12,1,250
2025-04-21T13:10:26,238,12,1,250
2025-04-21T13:43:24,238,12,1,250
2025-04-21T14:16:29,238,12,1,250
2025-04-21T14:49:24,238,12,1,250
2025-04-21T15:22:20,238,12,1,250
2025-04-21T15:55:24,238,12,1,250
2025-04-21T16:28:20,238,12,1,250
2025-04-21T17:01:14,238,12,1,250
2025-04-21T17:34:19,238,12,1,250
2025-04-21T18:07:14,238,12,1,250
2025-04-21T18:40:09,238,12,1,250
2025-04-21T19:13:12,237,13,1,250
2025-04-21T19:46:06,237,13,1,250
2025-04-21T20:19:00,237,13,1,250
2025-04-21T20:51:54,237,13,1,250
2025-04-21T21:24:59,237,13,1,250
2025-04-21T21:57:54,237,13,1,250
2025-04-21T22:30:48,237,13,1,250
2025-04-21T23:03:48,237,13,1,250
2025-04-21T23:36:48,237,13,1,250
2025-04-22T00:09:57,237,13,1,250
2025-04-22T00:43:01,237,13,1,250
2025-04-22T01:15:58,237,13,1,250
2025-04-22T01:48:54,237,13,1,250
2025-04-22T02:21:48,237,13,1,250
2025-04-22T02:54:44,237,13,1,250
2025-04-22T03:27:46,237,13,1,250
2025-04-22T04:01:10,237,13,1,250
2025-04-22T04:21:40,237,13,1,250
2025-04-22T04:54:59,237,13,1,250
2025-04-22T05:27:59,237,13,1,250
2025-04-22T06:00:59,237,13,1,250
2025-04-22T06:33:58,237,13,1,250
2025-04-22T07:06:57,237,13,1,250
2025-04-22T07:39:55,237,13,1,250
2025-04-22T08:12:58,237,13,1,250
2025-04-22T08:45:54,237,13,1,250
2025-04-22T09:18:49,237,13,1,250
2025-04-22T09:51:57,237,13,1,250
2025-04-22T10:24:52,236,14,1,250
2025-04-22T10:57:46,236,14,1,250
2025-04-22T11:30:52,236,14,1,250
2025-04-22T12:03:46,236,14,1,250
2025-04-22T12:36:53,236,14,1,250
2025-04-22T13:09:56,236,14,1,250
2025-04-22T13:42:50,236,14,1,250
2025-04-22T14:15:54,236,14,1,250
2025-04-22T14:48:54,236,14,1,250
2025-04-22T15:21:49,236,14,1,250
2025-04-22T15:54:59,236,14,1,250
2025-04-22T16:28:04,236,14,1,250
2025-04-22T17:00:57,236,14,1,250
2025-04-22T17:34:01,236,14,1,250
2025-04-22T18:06:56,236,14,1,250
2025-04-22T18:39:49,236,14,1,250
2025-04-22T19:12:43,236,14,1,250
2025-04-22T19:45:47,236,14,1,250
2025-04-22T20:18:46,235,15,1,250
2025-04-22T20:51:39,235,15,1,250
2025-04-22T21:24:33,235,15,1,250
2025-04-22T21:57:28,235,15,1,250
2025-04-22T22:30:33,235,15,1,250
2025-04-22T23:03:27,235,15,1,250
2025-04-22T23:36:24,235,15,1,250
2025-04-23T00:09:21,235,15,1,250
2025-04-23T00:42:23,235,15,1,250
2025-04-23T01:15:37,235,15,1,250
2025-04-23T01:48:38,235,15,1,250
2025-04-23T02:21:38,235,15,1,250
2025-04-23T02:54:39,235,15,1,250
2025-04-23T03:28:10,235,15,1,250
2025-04-23T04:03:22,235,15,1,250
2025-04-23T04:23:19,235,15,1,250
2025-04-23T04:56:46,235,15,1,250
2025-04-23T05:29:45,235,15,1,250
2025-04-23T06:02:45,235,15,1,250
2025-04-23T06:35:44,235,15,1,250
2025-04-23T07:08:49,235,15,1,250
2025-04-23T07:41:46,235,15,1,250
2025-04-23T08:14:40,235,15,1,250
2025-04-23T08:47:44,235,15,1,250
2025-04-23T09:20:39,235,15,1,250
2025-04-23T09:53:35,234,16,1,250
2025-04-23T10:26:30,234,16,1,250
2025-04-23T10:59:36,234,16,1,250
2025-04-23T11:32:32,234,16,1,250
2025-04-23T12:05:26,234,16,1,250
2025-04-23T12:38:29,234,16,1,250
2025-04-23T13:11:24,234,16,1,250
2025-04-23T13:44:22,234,16,1,250
2025-04-23T14:17:18,234,16,1,250
2025-04-23T14:50:23,234,16,1,250
2025-04-23T15:23:19,234,16,1,250
2025-04-23T15:56:14,233,17,1,250
2025-04-23T16:29:18,233,17,1,250
2025-04-23T17:02:13,233,17,1,250
2025-04-23T17:35:09,233,17,1,250
2025-04-23T18:08:04,233,17,1,250
2025-04-23T18:41:09,233,17,1,250
2025-04-23T19:14:05,233,17,1,250
2025-04-23T19:46:59,232,18,1,250
2025-04-23T20:19:54,232,18,1,250
2025-04-23T20:52:58,232,18,1,250
2025-04-23T21:25:54,232,18,1,250
2025-04-23T21:58:50,232,18,1,250
2025-04-23T22:31:47,232,18,1,250
2025-04-23T23:04:43,232,18,1,250
2025-04-23T23:37:50,232,18,1,250
2025-04-24T00:10:48,232,18,1,250
2025-04-24T00:43:58,232,18,1,250
2025-04-24T01:17:02,231,19,1,250
2025-04-24T01:50:03,231,19,1,250
2025-04-24T02:23:03,231,19,1,250
2025-04-24T02:56:02,231,19,1,250
2025-04-24T03:29:21,231,19,1,250
2025-04-24T04:02:30,231,19,1,250
2025-04-24T04:21:53,231,19,1,250
2025-04-24T04:55:19,231,19,1,250
2025-04-24T05:28:21,231,19,1,250
2025-04-24T06:01:27,231,19,1,250
2025-04-24T06:34:30,231,19,1,250
2025-04-24T07:07:29,230,20,1,250
2025-04-24T07:40:26,230,20,1,250
2025-04-24T08:13:23,230,20,1,250
2025-04-24T08:46:25,230,20,1,250
2025-04-24T09:19:22,230,20,1,250
2025-04-24T09:52:18,230,20,1,250
2025-04-24T10:25:11,230,20,1,250
2025-04-24T10:58:05,229,21,1,250
2025-04-24T11:31:09,229,21,1,250
2025-04-24T12:04:03,229,21,1,250
2025-04-24T12:36:58,229,21,1,250
2025-04-24T13:10:01,229,21,1,250
2025-04-24T13:42:56,229,21,1,250
2025-04-24T14:15:50,228,22,1,250
2025-04-24T14:48:55,228,22,1,250
2025-04-24T15:21:49,228,22,1,250
2025-04-24T15:54:43,228,22,1,250
2025-04-24T16:27:37,228,22,1,250
2025-04-24T17:00:42,227,23,1,250
2025-04-24T17:33:37,227,23,1,250
2025-04-24T18:06:30,227,23,1,250
2025-04-24T18:39:35,227,23,1,250
2025-04-24T19:12:30,227,23,1,250
2025-04-24T19:45:24,227,23,1,250
2025-04-24T20:18:19,227,23,1,250
2025-04-24T20:51:12,227,23,1,250
2025-04-24T21:24:23,226,24,1,250
2025-04-24T21:57:17,226,24,1,250
2025-04-24T22:30:10,226,24,1,250
2025-04-24T23:03:09,226,24,1,250
2025-04-24T23:36:04,226,24,1,250
2025-04-25T00:09:12,226,24,1,250
2025-04-25T00:42:25,226,24,1,250
2025-04-25T01:15:27,226,24,1,250
2025-04-25T01:48:29,226,24,1,250
2025-04-25T02:21:35,226,24,1,250
2025-04-25T02:54:41,226,24,1,250
2025-04-25T03:27:43,226,24,1,250
2025-04-25T04:03:22,226,24,1,250
2025-04-25T04:17:57,226,24,1,250
2025-04-25T04:51:23,226,24,1,250
2025-04-25T05:24:23,226,24,1,250
2025-04-25T05:57:27,226,24,1,250
2025-04-25T06:30:25,226,24,1,250
2025-04-25T07:03:26,226,24,1,250
2025-04-25T07:36:24,226,24,1,250
2025-04-25T08:09:27,226,24,1,250
2025-04-25T08:42:23,226,24,1,250
2025-04-25T09:15:18,226,24,1,250
2025-04-25T09:48:12,226,24,1,250
2025-04-25T10:21:07,226,24,1,250
2025-04-25T10:54:26,226,24,1,250
2025-04-25T11:27:20,226,24,1,250
2025-04-25T12:00:17,225,25,1,250
2025-04-25T12:33:20,225,25,1,250
2025-04-25T13:06:13,225,25,1,250
2025-04-25T13:39:08,225,25,1,250
2025-04-25T14:12:02,225,25,1,250
2025-04-25T14:45:13,225,25,1,250
2025-04-25T15:18:06,225,25,1,250
2025-04-25T15:51:01,224,26,1,250
2025-04-25T16:24:05,224,26,1,250
2025-04-25T16:56:58,224,26,1,250
2025-04-25T17:29:53,224,26,1,250
2025-04-25T18:02:47,224,26,1,250
2025-04-25T18:36:04,224,26,1,250
2025-04-25T19:08:58,224,26,1,250
2025-04-25T19:41:52,224,26,1,250
2025-04-25T20:14:46,223,27,1,250
2025-04-25T20:47:48,223,27,1,250
2025-04-25T21:20:42,223,27,1,250
2025-04-25T21:53:36,222,28,1,250
2025-04-25T22:26:30,222,28,1,250
2025-04-25T22:59:25,222,28,1,250
2025-04-25T23:32:37,222,28,1,250
2025-04-26T00:05:37,222,28,1,250
2025-04-26T00:38:48,222,28,1,250
2025-04-26T01:11:49,222,28,1,250
2025-04-26T01:44:49,222,28,1,250
2025-04-26T02:17:46,222,28,1,250
2025-04-26T02:51:06,222,28,1,250
2025-04-26T03:24:00,222,28,1,250
2025-04-26T03:56:55,222,28,1,250
2025-04-26T04:29:44,222,28,1,250
2025-04-26T05:02:48,222,28,1,250
2025-04-26T05:38:17,222,28,1,250
2025-04-26T06:11:25,222,28,1,250
2025-04-26T06:44:26,222,28,1,250
2025-04-26T07:17:30,222,28,1,250
2025-04-26T07:50:38,222,28,1,250
2025-04-26T08:23:37,222,28,1,250
2025-04-26T08:56:35,222,28,1,250
2025-04-26T09:29:39,222,28,1,250
2025-04-26T10:02:39,222,28,1,250
2025-04-26T10:35:49,222,28,1,250
2025-04-26T11:08:47,222,28,1,250
2025-04-26T11:41:45,222,28,1,250
2025-04-26T12:14:44,222,28,1,250
2025-04-26T12:47:40,222,28,1,250
2025-04-26T13:20:44,222,28,1,250
2025-04-26T13:53:38,221,29,1,250
2025-04-26T14:26:33,221,29,1,250
2025-04-26T14:59:30,221,29,1,250
2025-04-26T15:32:24,221,29,1,250
2025-04-26T16:05:20,221,29,1,250
2025-04-26T16:38:26,221,29,1,250
2025-04-26T17:11:21,221,29,1,250
2025-04-26T17:44:16,221,29,1,250
2025-04-26T18:17:13,221,29,1,250
2025-04-26T18:50:08,221,29,1,250
2025-04-26T19:23:03,221,29,1,250
2025-04-26T19:56:07,221,29,1,250
2025-04-26T20:29:01,221,29,1,250
2025-04-26T21:01:56,221,29,1,250
2025-04-26T21:34:51,221,29,1,250
2025-04-26T22:07:48,221,29,1,250
2025-04-26T22:40:44,221,29,1,250
2025-04-26T23:13:50,221,29,1,250
2025-04-26T23:46:45,221,29,1,250
2025-04-27T00:19:42,221,29,1,250
2025-04-27T00:52:52,221,29,1,250
2025-04-27T01:26:01,221,29,1,250
2025-04-27T01:59:08,221,29,1,250
2025-04-27T02:32:14,221,29,1,250
2025-04-27T03:05:12,221,29,1,250
2025-04-27T03:38:19,221,29,1,250
2025-04-27T04:12:37,221,29,1,250
2025-04-27T04:28:47,221,29,1,250
2025-04-27T05:02:25,221,29,1,250
2025-04-27T05:35:32,221,29,1,250
2025-04-27T06:09:06,221,29,1,250
2025-04-27T06:42:12,221,29,1,250
2025-04-27T07:15:21,221,29,1,250
2025-04-27T07:48:34,221,29,1,250
2025-04-27T08:21:36,221,29,1,250
2025-04-27T08:54:48,221,29,1,250
2025-04-27T09:27:53,221,29,1,250
2025-04-27T10:01:09,221,29,1,250
2025-04-27T10:34:21,221,29,1,250
2025-04-27T11:07:40,221,29,1,250
2025-04-27T11:40:40,221,29,1,250
2025-04-27T12:13:37,221,29,1,250
2025-04-27T12:46:42,221,29,1,250
2025-04-27T13:19:35,221,29,1,250
2025-04-27T13:52:31,221,29,1,250
2025-04-27T14:25:26,221,29,1,250
2025-04-27T14:58:21,221,29,1,250
2025-04-27T15:31:24,221,29,1,250
2025-04-27T16:04:19,221,29,1,250
2025-04-27T16:37:12,221,29,1,250
2025-04-27T17:10:09,221,29,1,250
2025-04-27T17:43:04,221,29,1,250
2025-04-27T18:16:09,221,29,1,250
2025-04-27T18:49:04,221,29,1,250
2025-04-27T19:22:00,221,29,1,250
2025-04-27T19:54:56,221,29,1,250
2025-04-27T20:27:52,221,29,1,250
2025-04-27T21:00:46,221,29,1,250
2025-04-27T21:33:51,221,29,1,250
2025-04-27T22:06:49,221,29,1,250
2025-04-27T22:39:46,221,29,1,250
2025-04-27T23:12:42,221,29,1,250
2025-04-27T23:45:48,221,29,1,250
2025-04-28T00:19:25,221,29,1,250
2025-04-28T00:52:30,221,29,1,250
2025-04-28T01:25:35,221,29,1,250
2025-04-28T01:58:36,221,29,1,250
2025-04-28T02:32:00,221,29,1,250
2025-04-28T03:04:58,221,29,1,250
2025-04-28T03:37:59,221,29,1,250
2025-04-28T04:10:59,221,29,1,250
2025-04-28T04:31:48,221,29,1,250
2025-04-28T05:05:11,221,29,1,250
2025-04-28T05:38:14,221,29,1,250
2025-04-28T06:11:19,221,29,1,250
2025-04-28T06:44:24,221,29,1,250
2025-04-28T07:17:26,221,29,1,250
2025-04-28T07:50:25,221,29,1,250
2025-04-28T08:23:22,221,29,1,250
2025-04-28T08:56:21,221,29,1,250
2025-04-28T09:29:16,221,29,1,250
2025-04-28T10:02:20,221,29,1,250
2025-04-28T10:35:17,221,29,1,250
2025-04-28T11:08:13,221,29,1,250
2025-04-28T11:41:09,221,29,1,250
2025-04-28T12:14:16,220,30,1,250
2025-04-28T12:47:10,220,30,1,250
2025-04-28T13:20:23,220,30,1,250
2025-04-28T13:53:47,220,30,1,250
2025-04-28T14:26:42,220,30,1,250
2025-04-28T14:59:47,220,30,1,250
2025-04-28T15:32:43,220,30,1,250
2025-04-28T16:05:39,220,30,1,250
2025-04-28T16:38:34,220,30,1,250
2025-04-28T17:11:52,220,30,1,250
2025-04-28T17:44:47,220,30,1,250
2025-04-28T18:17:44,220,30,1,250
2025-04-28T18:50:51,220,30,1,250
2025-04-28T19:23:47,220,30,1,250
2025-04-28T19:56:42,220,30,1,250
2025-04-28T20:29:37,220,30,1,250
2025-04-28T21:02:32,220,30,1,250
2025-04-28T21:35:39,220,30,1,250
2025-04-28T22:08:34,220,30,1,250
2025-04-28T22:41:32,220,30,1,250
2025-04-28T23:14:28,220,30,1,250
2025-04-28T23:47:24,220,30,1,250
2025-04-29T00:20:36,220,30,1,250
2025-04-29T00:53:38,220,30,1,250
2025-04-29T01:26:40,220,30,1,250
2025-04-29T01:59:42,220,30,1,250
2025-04-29T02:32:46,220,30,1,250
2025-04-29T03:06:05,220,30,1,250
2025-04-29T03:39:05,220,30,1,250
2025-04-29T04:12:05,220,30,1,250
2025-04-29T04:27:04,220,30,1,250
2025-04-29T05:00:25,220,30,1,250
2025-04-29T05:33:28,220,30,1,250
2025-04-29T06:06:32,220,30,1,250
2025-04-29T06:39:35,220,30,1,250
2025-04-29T07:12:38,220,30,1,250
2025-04-29T07:45:36,220,30,1,250
2025-04-29T08:18:36,220,30,1,250
2025-04-29T08:51:43,220,30,1,250
2025-04-29T09:24:38,220,30,1,250
2025-04-29T09:57:33,220,30,1,250
2025-04-29T10:30:28,220,30,1,250
2025-04-29T11:03:24,220,30,1,250
2025-04-29T11:36:29,220,30,1,250
2025-04-29T12:09:25,220,30,1,250
2025-04-29T12:42:19,220,30,1,250
2025-04-29T13:15:25,220,30,1,250
2025-04-29T13:48:20,220,30,1,250
2025-04-29T14:21:14,220,30,1,250
2025-04-29T14:54:09,220,30,1,250
2025-04-29T15:27:16,220,30,1,250
2025-04-29T16:00:12,220,30,1,250
2025-04-29T16:33:10,220,30,1,250
2025-04-29T17:06:15,220,30,1,250
2025-04-29T17:39:10,220,30,1,250
2025-04-29T18:12:05,220,30,1,250
2025-04-29T18:44:59,220,30,1,250
2025-04-29T19:18:17,220,30,1,250
2025-04-29T19:52:42,220,30,1,250
2025-04-29T20:26:12,220,30,1,250
2025-04-29T20:59:07,220,30,1,250
2025-04-29T21:32:01,220,30,1,250
2025-04-29T22:05:08,220,30,1,250
2025-04-29T22:38:03,220,30,1,250
2025-04-29T23:11:01,220,30,1,250
2025-04-29T23:43:56,220,30,1,250
2025-04-30T00:17:46,220,30,1,250
2025-04-30T00:51:28,220,30,1,250
2025-04-30T01:24:39,220,30,1,250
2025-04-30T01:57:40,220,30,1,250
2025-04-30T02:30:41,220,30,1,250
2025-04-30T03:03:40,220,30,1,250
2025-04-30T03:36:38,220,30,1,250
2025-04-30T04:18:06,220,30,1,250
2025-04-30T04:51:32,220,30,1,250
2025-04-30T05:24:33,220,30,1,250
2025-04-30T05:57:36,220,30,1,250
2025-04-30T06:30:38,220,30,1,250
2025-04-30T07:03:40,220,30,1,250
2025-04-30T07:36:39,220,30,1,250
2025-04-30T08:09:35,220,30,1,250
2025-04-30T08:42:32,220,30,1,250
2025-04-30T09:15:30,220,30,1,250
2025-04-30T09:48:30,220,30,1,250
2025-04-30T10:21:25,220,30,1,250
2025-04-30T10:54:19,220,30,1,250
2025-04-30T11:27:13,220,30,1,250
2025-04-30T12:00:15,220,30,1,250
2025-04-30T12:33:10,220,30,1,250
2025-04-30T13:06:06,220,30,1,250
2025-04-30T13:39:11,220,30,1,250
2025-04-30T14:12:05,220,30,1,250
2025-04-30T14:44:59,220,30,1,250
2025-04-30T15:17:54,220,30,1,250
2025-04-30T15:50:59,220,30,1,250
2025-04-30T16:23:53,220,30,1,250
2025-04-30T16:56:47,220,30,1,250
2025-04-30T17:29:52,220,30,1,250
2025-04-30T18:02:46,220,30,1,250
2025-04-30T18:35:41,220,30,1,250
2025-04-30T19:08:44,220,30,1,250
2025-04-30T19:41:38,220,30,1,250
2025-04-30T20:14:32,220,30,1,250
2025-04-30T20:47:27,220,30,1,250
2025-04-30T21:20:21,220,30,1,250
2025-04-30T21:53:26,220,30,1,250
2025-04-30T22:26:20,220,30,1,250
2025-04-30T22:59:13,220,30,1,250
2025-04-30T23:32:10,220,30,1,250
2025-05-01T00:05:06,220,30,1,250
2025-05-01T00:38:08,220,30,1,250
2025-05-01T01:11:19,220,30,1,250
2025-05-01T01:44:21,220,30,1,250
2025-05-01T02:17:20,220,30,1,250
2025-05-01T02:50:24,220,30,1,250
2025-05-01T03:23:43,220,30,1,250
2025-05-01T03:57:37,220,30,1,250
2025-05-01T04:18:58,220,30,1,250
2025-05-01T04:52:22,220,30,1,250
2025-05-01T05:25:26,220,30,1,250
2025-05-01T05:58:27,220,30,1,250
2025-05-01T06:31:28,220,30,1,250
2025-05-01T07:04:35,220,30,1,250
2025-05-01T07:37:34,220,30,1,250
2025-05-01T08:10:30,220,30,1,250
2025-05-01T08:43:27,220,30,1,250
2025-05-01T09:16:26,220,30,1,250
2025-05-01T09:49:30,220,30,1,250
2025-05-01T10:22:25,220,30,1,250
2025-05-01T10:55:20,220,30,1,250
2025-05-01T11:28:19,220,30,1,250
2025-05-01T12:01:25,220,30,1,250
2025-05-01T12:34:19,220,30,1,250
2025-05-01T13:07:15,220,30,1,250
2025-05-01T13:40:10,220,30,1,250
2025-05-01T14:13:15,220,30,1,250
2025-05-01T14:46:12,220,30,1,250
2025-05-01T15:19:09,220,30,1,250
2025-05-01T15:52:16,220,30,1,250
2025-05-01T16:25:15,220,30,1,250
2025-05-01T16:58:10,220,30,1,250
2025-05-01T17:31:19,220,30,1,250
2025-05-01T18:04:15,220,30,1,250
2025-05-01T18:37:13,220,30,1,250
2025-05-01T19:10:17,220,30,1,250
2025-05-01T19:43:22,220,30,1,250
2025-05-01T20:16:20,220,30,1,250
2025-05-01T20:49:18,220,30,1,250
2025-05-01T21:22:27,220,30,1,250
2025-05-01T21:55:24,220,30,1,250
2025-05-01T22:28:22,220,30,1,250
2025-05-01T23:01:36,220,30,1,250
2025-05-01T23:34:38,220,30,1,250
2025-05-02T00:07:36,220,30,1,250
2025-05-02T00:40:44,220,30,1,250
2025-05-02T01:13:50,220,30,1,250
2025-05-02T01:46:52,220,30,1,250
2025-05-02T02:20:05,220,30,1,250
2025-05-02T02:53:18,220,30,1,250
2025-05-02T03:26:19,220,30,1,250
2025-05-02T03:59:19,220,30,1,250
2025-05-02T04:26:49,220,30,1,250
2025-05-02T05:00:32,220,30,1,250
2025-05-02T05:33:36,220,30,1,250
2025-05-02T06:06:39,220,30,1,250
2025-05-02T06:39:43,220,30,1,250
2025-05-02T07:12:44,220,30,1,250
2025-05-02T07:45:45,220,30,1,250
2025-05-02T08:18:44,220,30,1,250
2025-05-02T08:51:51,220,30,1,250
2025-05-02T09:24:49,220,30,1,250
2025-05-02T09:57:46,220,30,1,250
2025-05-02T10:30:46,220,30,1,250
2025-05-02T11:03:52,220,30,1,250
2025-05-02T11:36:48,220,30,1,250
2025-05-02T12:09:43,220,30,1,250
2025-05-02T12:42:48,220,30,1,250
2025-05-02T13:15:44,220,30,1,250
2025-05-02T13:48:40,220,30,1,250
2025-05-02T14:21:47,220,30,1,250
2025-05-02T14:54:41,220,30,1,250
2025-05-02T15:27:36,220,30,1,250
2025-05-02T16:00:41,220,30,1,250
2025-05-02T16:33:36,220,30,1,250
2025-05-02T17:06:42,220,30,1,250
2025-05-02T17:39:38,220,30,1,250
2025-05-02T18:12:33,220,30,1,250
2025-05-02T18:45:28,220,30,1,250
2025-05-02T19:18:33,220,30,1,250
2025-05-02T19:51:28,220,30,1,250
2025-05-02T20:24:23,220,30,1,250
2025-05-02T20:57:18,220,30,1,250
2025-05-02T21:30:12,220,30,1,250
2025-05-02T22:03:07,220,30,1,250
2025-05-02T22:36:06,220,30,1,250
2025-05-02T23:09:12,220,30,1,250
2025-05-02T23:42:09,220,30,1,250
2025-05-03T00:15:22,220,30,1,250
2025-05-03T00:48:27,220,30,1,250
2025-05-03T01:21:29,220,30,1,250
2025-05-03T01:54:32,220,30,1,250
2025-05-03T02:27:45,220,30,1,250
2025-05-03T03:00:56,220,30,1,250
2025-05-03T03:33:55,220,30,1,250
2025-05-03T04:07:06,220,30,1,250
2025-05-04T21:42:03,219,31,1,250
2025-05-04T22:15:02,219,31,1,250
2025-05-04T22:47:58,219,31,1,250
2025-05-04T23:20:55,219,31,1,250
2025-05-04T23:53:50,219,31,1,250
2025-05-05T00:27:28,219,31,1,250
2025-05-05T01:00:34,219,31,1,250
2025-05-05T01:33:39,219,31,1,250
2025-05-05T02:06:40,219,31,1,250
2025-05-05T02:40:14,219,31,1,250
2025-05-05T03:13:12,219,31,1,250
2025-05-05T03:46:11,219,31,1,250
2025-05-05T04:31:13,219,31,1,250
2025-05-05T05:04:37,219,31,1,250
2025-05-05T05:37:38,219,31,1,250
2025-05-05T06:10:41,219,31,1,250
2025-05-05T06:43:46,219,31,1,250
2025-05-05T07:16:46,219,31,1,250
2025-05-05T07:49:45,219,31,1,250
2025-05-05T08:22:43,219,31,1,250
2025-05-05T08:55:49,219,31,1,250
2025-05-05T09:28:45,219,31,1,250
2025-05-05T10:01:41,219,31,1,250
2025-05-05T10:34:36,219,31,1,250
2025-05-05T11:07:31,219,31,1,250
2025-05-05T11:40:38,219,31,1,250
2025-05-05T12:13:34,219,31,1,250
2025-05-05T12:46:32,219,31,1,250
2025-05-05T13:19:36,219,31,1,250
2025-05-05T13:52:31,219,31,1,250
2025-05-05T14:25:26,219,31,1,250
2025-05-05T14:58:21,219,31,1,250
2025-05-05T15:31:27,219,31,1,250
2025-05-05T16:04:22,219,31,1,250
2025-05-05T16:37:17,219,31,1,250
2025-05-05T17:10:21,219,31,1,250
2025-05-05T17:43:17,219,31,1,250
2025-05-05T18:16:14,219,31,1,250
2025-05-05T18:49:10,219,31,1,250
2025-05-05T19:22:17,219,31,1,250
2025-05-05T19:55:12,219,31,1,250
2025-05-05T20:28:09,219,31,1,250
2025-05-05T21:01:04,219,31,1,250
2025-05-05T21:34:09,219,31,1,250
2025-05-05T22:07:04,219,31,1,250
2025-05-05T22:40:00,219,31,1,250
2025-05-05T23:12:57,219,31,1,250
2025-05-05T23:45:54,219,31,1,250
2025-05-06T00:18:53,219,31,1,250
2025-05-06T00:52:09,219,31,1,250
2025-05-06T01:25:10,219,31,1,250
2025-05-06T01:58:11,219,31,1,250
2025-05-06T02:31:10,219,31,1,250
2025-05-06T03:04:35,219,31,1,250
2025-05-06T03:37:34,219,31,1,250
2025-05-06T04:10:34,219,31,1,250
2025-05-06T04:31:49,219,31,1,250
2025-05-06T05:05:09,219,31,1,250
2025-05-06T05:38:11,219,31,1,250
2025-05-06T06:11:13,219,31,1,250
2025-05-06T06:44:17,219,31,1,250
2025-05-06T07:17:21,219,31,1,250
2025-05-06T07:50:19,219,31,1,250
2025-05-06T08:23:16,219,31,1,250
2025-05-06T08:56:22,219,31,1,250
2025-05-06T09:29:17,219,31,1,250
2025-05-06T10:02:13,219,31,1,250
2025-05-06T10:35:21,219,31,1,250
2025-05-06T11:08:17,219,31,1,250
2025-05-06T11:41:15,219,31,1,250
2025-05-06T12:14:12,219,31,1,250
2025-05-06T12:47:19,219,31,1,250
2025-05-06T13:20:15,219,31,1,250
2025-05-06T13:53:10,219,31,1,250
2025-05-06T14:26:18,219,31,1,250
2025-05-06T14:59:13,219,31,1,250
2025-05-06T15:32:10,219,31,1,250
2025-05-06T16:05:15,219,31,1,250
2025-05-06T16:38:12,219,31,1,250
2025-05-06T17:11:08,219,31,1,250
2025-05-06T17:44:16,219,31,1,250
2025-05-06T18:17:11,219,31,1,250
2025-05-06T18:50:07,219,31,1,250
2025-05-06T19:23:01,219,31,1,250
2025-05-06T19:56:06,219,31,1,250
2025-05-06T20:29:02,219,31,1,250
2025-05-06T21:01:57,219,31,1,250
2025-05-06T21:34:54,219,31,1,250
2025-05-06T22:07:51,219,31,1,250
2025-05-06T22:40:57,219,31,1,250
2025-05-06T23:13:54,219,31,1,250
2025-05-06T23:46:50,219,31,1,250
2025-05-07T00:19:52,219,31,1,250
2025-05-07T00:52:56,219,31,1,250
2025-05-07T01:25:58,219,31,1,250
2025-05-07T01:58:58,219,31,1,250
2025-05-07T02:32:09,219,31,1,250
2025-05-07T03:05:07,219,31,1,250
2025-05-07T03:38:07,219,31,1,250
2025-05-07T04:20:08,219,31,1,250
2025-05-07T04:54:46,219,31,1,250
2025-05-07T05:28:00,219,31,1,250
2025-05-07T06:01:02,219,31,1,250
2025-05-07T06:34:02,219,31,1,250
2025-05-07T07:07:09,219,31,1,250
2025-05-07T07:40:09,219,31,1,250
2025-05-07T08:13:07,219,31,1,250
2025-05-07T08:46:05,219,31,1,250
2025-05-07T09:19:20,219,31,1,250
2025-05-07T09:52:18,219,31,1,250
2025-05-07T10:25:15,219,31,1,250
2025-05-07T10:58:15,219,31,1,250
2025-05-07T11:31:23,219,31,1,250
2025-05-07T12:04:20,219,31,1,250
2025-05-07T12:37:17,219,31,1,250
2025-05-07T13:10:23,219,31,1,250
2025-05-07T13:43:18,219,31,1,250
2025-05-07T14:16:13,219,31,1,250
2025-05-07T14:49:18,219,31,1,250
2025-05-07T15:22:14,219,31,1,250
2025-05-07T15:55:21,219,31,1,250
2025-05-07T16:28:19,219,31,1,250
2025-05-07T17:01:14,219,31,1,250
2025-05-07T17:34:11,219,31,1,250
2025-05-07T18:07:16,219,31,1,250
2025-05-07T18:40:13,219,31,1,250
2025-05-07T19:13:10,219,31,1,250
2025-05-07T19:46:05,219,31,1,250
2025-05-07T20:19:02,219,31,1,250
2025-05-07T20:52:06,219,31,1,250
2025-05-07T21:25:01,217,33,1,250
2025-05-07T21:57:56,217,33,1,250
2025-05-07T22:30:51,217,33,1,250
2025-05-07T23:03:51,217,33,1,250
2025-05-07T23:36:57,217,33,1,250
2025-05-08T00:09:54,217,33,1,250
2025-05-08T00:42:57,217,33,1,250
2025-05-08T01:16:00,217,33,1,250
2025-05-08T01:49:01,217,33,1,250
2025-05-08T02:22:01,217,33,1,250
2025-05-08T02:55:34,217,33,1,250
2025-05-08T03:28:33,217,33,1,250
2025-05-08T04:01:41,217,33,1,250
2025-05-08T04:31:20,217,33,1,250
2025-05-08T05:04:44,217,33,1,250
2025-05-08T05:37:45,217,33,1,250
2025-05-08T06:10:48,217,33,1,250
2025-05-08T06:43:53,217,33,1,250
2025-05-08T07:16:55,217,33,1,250
2025-05-08T07:49:53,217,33,1,250
2025-05-08T08:22:53,217,33,1,250
2025-05-08T08:56:03,217,33,1,250
2025-05-08T09:28:58,217,33,1,250
2025-05-08T10:01:53,217,33,1,250
2025-05-08T10:34:50,217,33,1,250
2025-05-08T11:07:47,217,33,1,250
2025-05-08T11:40:53,217,33,1,250
2025-05-08T12:13:50,217,33,1,250
2025-05-08T12:46:59,217,33,1,250
2025-05-08T13:19:55,217,33,1,250
2025-05-08T13:52:50,217,33,1,250
2025-05-08T14:25:45,217,33,1,250
2025-05-08T14:58:52,217,33,1,250
2025-05-08T15:31:48,217,33,1,250
2025-05-08T16:04:46,217,33,1,250
2025-05-08T16:37:52,217,33,1,250
2025-05-08T17:10:50,217,33,1,250
2025-05-08T17:43:47,217,33,1,250
2025-05-08T18:16:44,217,33,1,250
2025-05-08T18:49:52,217,33,1,250
2025-05-08T19:22:49,217,33,1,250
2025-05-08T19:55:45,217,33,1,250
2025-05-08T20:28:41,217,33,1,250
2025-05-08T21:01:46,217,33,1,250
2025-05-08T21:34:42,217,33,1,250
2025-05-08T22:07:37,217,33,1,250
2025-05-08T22:40:34,217,33,1,250
2025-05-08T23:13:31,217,33,1,250
2025-05-08T23:46:27,217,33,1,250
2025-05-09T00:19:41,217,33,1,250
2025-05-09T00:52:46,217,33,1,250
2025-05-09T01:25:50,217,33,1,250
2025-05-09T01:58:53,217,33,1,250
2025-05-09T02:31:55,217,33,1,250
2025-05-09T03:05:12,217,33,1,250
2025-05-09T03:38:13,217,33,1,250
2025-05-09T04:11:23,217,33,1,250
2025-05-09T04:25:41,217,33,1,250
2025-05-09T05:00:21,217,33,1,250
2025-05-09T05:33:24,217,33,1,250
2025-05-09T06:06:26,217,33,1,250
2025-05-09T06:39:29,217,33,1,250
2025-05-09T07:12:31,217,33,1,250
2025-05-09T07:45:29,217,33,1,250
2025-05-09T08:18:26,217,33,1,250
2025-05-09T08:51:22,217,33,1,250
2025-05-09T09:24:29,217,33,1,250
2025-05-09T09:57:25,217,33,1,250
2025-05-09T10:30:22,217,33,1,250
2025-05-09T11:03:18,217,33,1,250
2025-05-09T11:36:13,217,33,1,250
2025-05-09T12:09:26,217,33,1,250
2025-05-09T12:42:22,217,33,1,250
2025-05-09T13:15:17,217,33,1,250
2025-05-09T13:48:13,217,33,1,250
2025-05-09T14:21:17,217,33,1,250
2025-05-09T14:54:12,217,33,1,250
2025-05-09T15:27:09,217,33,1,250
2025-05-09T16:00:07,217,33,1,250
2025-05-09T16:33:14,217,33,1,250
2025-05-09T17:06:10,217,33,1,250
2025-05-09T17:39:05,217,33,1,250
2025-05-09T18:12:01,217,33,1,250
2025-05-09T18:44:56,217,33,1,250
2025-05-09T19:18:00,217,33,1,250
2025-05-09T19:50:54,217,33,1,250
2025-05-09T20:23:49,217,33,1,250
2025-05-09T20:56:44,217,33,1,250
2025-05-09T21:29:42,217,33,1,250
2025-05-09T22:02:37,217,33,1,250
2025-05-09T22:35:33,217,33,1,250
2025-05-09T23:08:40,217,33,1,250
2025-05-09T23:41:39,217,33,1,250
2025-05-10T00:15:18,217,33,1,250
2025-05-10T00:48:21,217,33,1,250
2025-05-10T01:21:22,217,33,1,250
2025-05-10T01:54:24,217,33,1,250
2025-05-10T02:27:35,217,33,1,250
2025-05-10T03:00:44,217,33,1,250
2025-05-10T03:33:44,217,33,1,250
2025-05-10T04:09:13,217,33,1,250
2025-05-10T04:28:40,217,33,1,250
2025-05-10T05:02:10,217,33,1,250
2025-05-10T05:35:12,217,33,1,250
2025-05-10T06:08:17,217,33,1,250
2025-05-10T06:41:20,217,33,1,250
2025-05-10T07:14:24,217,33,1,250
2025-05-10T07:47:22,217,33,1,250
2025-05-10T08:20:27,217,33,1,250
2025-05-10T08:53:25,217,33,1,250
2025-05-10T09:26:20,217,33,1,250
2025-05-10T09:59:15,217,33,1,250
2025-05-10T10:32:09,217,33,1,250
2025-05-10T11:05:27,217,33,1,250
2025-05-10T11:38:21,217,33,1,250
2025-05-10T12:11:25,217,33,1,250
2025-05-10T12:44:19,217,33,1,250
2025-05-10T13:17:14,217,33,1,250
2025-05-10T13:50:08,217,33,1,250
2025-05-10T14:23:03,217,33,1,250
2025-05-10T14:55:57,217,33,1,250
2025-05-10T15:29:02,217,33,1,250
2025-05-10T16:01:56,217,33,1,250
2025-05-10T16:34:51,217,33,1,250
2025-05-10T17:07:46,217,33,1,250
2025-05-10T17:40:40,217,33,1,250
2025-05-10T18:13:46,217,33,1,250
2025-05-10T18:46:43,217,33,1,250
2025-05-10T19:19:38,217,33,1,250
2025-05-10T19:52:32,217,33,1,250
2025-05-10T20:25:27,217,33,1,250
2025-05-10T20:58:22,217,33,1,250
2025-05-10T21:31:17,217,33,1,250
2025-05-10T22:04:22,217,33,1,250
2025-05-10T22:37:17,217,33,1,250
2025-05-10T23:10:12,217,33,1,250
2025-05-10T23:43:07,217,33,1,250
2025-05-11T00:16:06,217,33,1,250
2025-05-11T00:49:14,217,33,1,250
2025-05-11T01:22:20,217,33,1,250
2025-05-11T01:55:23,217,33,1,250
2025-05-11T02:28:35,217,33,1,250
2025-05-11T03:01:33,217,33,1,250
2025-05-11T03:34:35,217,33,1,250
2025-05-11T04:20:40,217,33,1,250
2025-05-11T04:54:18,217,33,1,250
2025-05-11T05:27:32,217,33,1,250
2025-05-11T06:00:37,217,33,1,250
2025-05-11T06:33:43,217,33,1,250
2025-05-11T07:06:47,217,33,1,250
2025-05-11T07:39:53,217,33,1,250
2025-05-11T08:12:58,217,33,1,250
2025-05-11T08:45:58,217,33,1,250
2025-05-11T09:19:05,217,33,1,250
2025-05-11T09:52:02,217,33,1,250
2025-05-11T10:25:13,217,33,1,250
2025-05-11T10:58:21,217,33,1,250
2025-05-11T11:31:29,217,33,1,250
2025-05-11T12:04:26,217,33,1,250
2025-05-11T12:37:34,217,33,1,250
2025-05-11T13:10:29,217,33,1,250
2025-05-11T13:43:24,217,33,1,250
2025-05-11T14:16:19,217,33,1,250
2025-05-11T14:49:14,217,33,1,250
2025-05-11T15:22:08,217,33,1,250
2025-05-11T15:55:15,217,33,1,250
2025-05-11T16:28:10,217,33,1,250
2025-05-11T17:01:04,217,33,1,250
2025-05-11T17:34:00,217,33,1,250
2025-05-11T18:06:56,217,33,1,250
2025-05-11T18:39:51,217,33,1,250
2025-05-11T19:12:59,217,33,1,250
2025-05-11T19:45:58,217,33,1,250
2025-05-11T20:18:55,217,33,1,250
2025-05-11T20:51:50,217,33,1,250
2025-05-11T21:24:48,217,33,1,250
2025-05-11T21:57:47,217,33,1,250
2025-05-11T22:30:55,217,33,1,250
2025-05-11T23:03:53,217,33,1,250
2025-05-11T23:36:52,217,33,1,250
2025-05-12T00:09:55,217,33,1,250
2025-05-12T00:43:14,217,33,1,250
2025-05-12T01:16:21,217,33,1,250
2025-05-12T01:49:22,217,33,1,250
2025-05-12T02:22:49,217,33,1,250
2025-05-12T02:55:48,217,33,1,250
2025-05-12T03:28:48,217,33,1,250
2025-05-12T04:01:47,217,33,1,250
2025-05-14T10:08:30,217,33,1,250
2025-05-14T10:41:26,217,33,1,250
2025-05-14T11:14:20,217,33,1,250
2025-05-14T11:47:16,217,33,1,250
2025-05-14T12:20:29,217,33,1,250
2025-05-14T12:53:23,217,33,1,250
2025-05-14T13:27:03,217,33,1,250
2025-05-14T14:00:07,217,33,1,250
2025-05-14T14:33:02,217,33,1,250
2025-05-14T15:05:58,217,33,1,250
2025-05-14T15:39:08,217,33,1,250
2025-05-14T16:12:03,217,33,1,250
2025-05-14T16:44:58,217,33,1,250
2025-05-14T17:17:54,217,33,1,250
2025-05-14T17:50:49,217,33,1,250
2025-05-14T18:23:54,217,33,1,250
2025-05-14T18:56:49,217,33,1,250
2025-05-14T19:29:43,217,33,1,250
2025-05-14T20:02:37,217,33,1,250
2025-05-14T20:35:47,217,33,1,250
2025-05-14T21:08:41,217,33,1,250
2025-05-14T21:41:35,217,33,1,250
2025-05-14T22:14:30,217,33,1,250
2025-05-14T22:47:24,217,33,1,250
2025-05-14T23:20:19,217,33,1,250
2025-05-14T23:53:22,217,33,1,250
2025-05-15T00:26:24,217,33,1,250
2025-05-15T00:59:27,217,33,1,250
2025-05-15T01:32:28,217,33,1,250
2025-05-15T02:05:29,217,33,1,250
2025-05-15T02:38:37,217,33,1,250
2025-05-15T03:11:51,217,33,1,250
2025-05-15T03:44:48,217,33,1,250
2025-05-15T04:17:46,217,33,1,250
